ticker,name,year,month,day,future_3,future_7,future_15,future_30,text_file_name,past_3,past_7,past_15,past_30
PH,Parker-Hannifin,2017,11,2,-5.161061659,-5.364531333,-5.020921599,-4.6432689,Parker-Hannifin_20171102,-5.14806932,-5.041684869,-4.945222012,-5.032645577
EIX,Edison Int'l,2017,5,1,-4.956033622,-5.21935701,-5.162532534,-5.137952813,Edison Int'l_20170501,-5.49945225,-5.463655388,-5.377226749,-5.2755164
VRSN,Verisign Inc.,2017,10,26,-5.110461785,-4.695505966,-4.638740193,-4.655005906,Verisign Inc._20171026,-4.747923375,-4.830075405,-4.925809126,-4.91457139
dte,DTE Energy Co.,2017,7,26,-5.591275064,-5.264717635,-5.08981275,-5.252387046,DTE Energy Co._20170726,-4.563504391,-4.839474806,-5.053878434,-4.979078688
TSN,Tyson Foods,2017,2,6,-4.748028578,-4.716657596,-4.526260644,-4.398767487,Tyson Foods_20170206,-4.76739366,-4.409333157,-4.599827631,-4.559700612
bk,The Bank of New York Mellon Corp.,2017,7,20,-5.02951274,-5.02749414,-4.460813104,-4.618458523,The Bank of New York Mellon Corp._20170720,-4.480177176,-4.675706266,-4.565756169,-4.670185035
EBAY,eBay Inc.,2017,7,20,-5.170529626,-4.38939413,-4.384944887,-4.483240279,eBay Inc._20170720,-5.134481441,-4.643395701,-4.30546783,-4.250012058
ICE,Intercontinental Exchange,2017,2,7,-3.670092719,-3.869470413,-4.063406744,-4.295293787,Intercontinental Exchange_20170207,-6.669944074,-5.684025843,-4.988527891,-4.970825918
XOM,Exxon Mobil Corp.,2017,10,27,-5.532281092,-5.435638346,-5.25720689,-5.173734042,Exxon Mobil Corp._20171027,-5.740140845,-5.863962185,-5.839959231,-5.480531637
ADM,Archer-Daniels-Midland Co,2017,5,2,-4.21258449,-4.356547272,-4.333980248,-4.545484912,Archer-Daniels-Midland Co_20170502,-5.190562522,-5.012132468,-4.705893756,-4.842112497
MRK,Merck & Co.,2017,7,28,-5.707177488,-5.64965652,-5.28190776,-5.082206891,Merck & Co._20170728,-4.046932897,-4.413134343,-4.679206198,-4.707051013
HPQ,HP Inc.,2017,5,24,-3.707064143,-4.060286883,-4.171599623,-4.183850846,HP Inc._20170524,-4.804694051,-4.422808222,-4.559167404,-4.617598797
ITW,Illinois Tool Works,2017,4,24,-6.082534649,-5.43618694,-5.393301636,-4.983375569,Illinois Tool Works_20170424,-4.719890285,-4.600016285,-4.895662331,-4.869473089
GD,General Dynamics,2017,1,27,-5.154000699,-4.773327981,-4.931467687,-5.013220679,General Dynamics_20170127,-4.704333767,-4.892826771,-4.96205002,-5.062425714
FBHS,Fortune Brands Home & Security,2017,8,2,-4.660658166,-4.695954892,-4.566436134,-4.599809192,Fortune Brands Home & Security_20170802,-5.570245801,-5.694900923,-4.980969629,-4.935151866
ADP,Automatic Data Processing,2017,11,2,-4.346762434,-4.691087691,-4.91270549,-4.770946254,Automatic Data Processing_20171102,-6.247019601,-4.969060634,-4.975261092,-4.903653581
Amgn,Amgen Inc.,2017,10,25,-6.675947278,-4.931129592,-4.818702733,-4.695854539,Amgen Inc._20171025,-5.283706494,-4.470521456,-4.730798823,-4.915391799
AVY,Avery Dennison Corp,2017,2,1,-4.81459622,-5.042802073,-4.953552789,-4.941708174,Avery Dennison Corp_20170201,-4.899796791,-4.61226396,-4.823750486,-4.720472269
MA,Mastercard Inc.,2017,7,27,-4.734579711,-4.960621339,-4.705052075,-4.745961009,Mastercard Inc._20170727,-6.007437923,-6.193261512,-5.232919096,-4.799724344
CME,CME Group Inc.,2017,10,26,-4.777529044,-4.267625046,-4.549685129,-4.596751545,CME Group Inc._20171026,-6.829759635,-5.42631597,-5.266432133,-5.071686551
ROK,Rockwell Automation Inc.,2017,1,25,-5.176812063,-4.766236938,-4.906370685,-4.783799118,Rockwell Automation Inc._20170125,-4.899211399,-4.699064769,-4.532253379,-4.65202342
rmd,ResMed,2017,4,27,-3.279407887,-3.659752066,-3.969105661,-4.199779223,ResMed_20170427,-5.417895323,-5.017407436,-4.652625362,-4.779398531
EL,Estee Lauder Cos.,2017,2,2,-5.093993241,-4.98742495,-4.884404668,-4.66389919,Estee Lauder Cos._20170202,-4.767838884,-4.507338176,-4.635869731,-4.625632649
STX,Seagate Technology,2017,7,25,-4.244801208,-4.430470961,-4.248737478,-4.152638125,Seagate Technology_20170725,-8.333780326,-4.391561581,-3.923049185,-3.839764615
D,Dominion Energy,2017,10,30,-5.265869814,-5.130795089,-4.957520375,-5.011165896,Dominion Energy_20171030,-4.939916197,-5.026665054,-5.127627444,-4.887382432
VLO,Valero Energy,2017,4,25,-4.706011569,-4.866011613,-4.725602062,-4.849226548,Valero Energy_20170425,-5.109953448,-4.270027022,-4.522463883,-4.492685664
MU,Micron Technology,2017,6,29,-3.184372472,-3.489928521,-3.826466514,-3.759104157,Micron Technology_20170629,-3.800745465,-3.866259506,-3.655519692,-3.703044682
EQIX,Equinix,2017,8,2,-5.463075416,-4.644338439,-4.438398459,-4.490429912,Equinix_20170802,-5.92406389,-5.029767448,-5.117281818,-4.645265162
LKQ,LKQ Corporation,2017,7,27,-4.495137839,-4.79433775,-4.532367988,-4.742010731,LKQ Corporation_20170727,-5.164974845,-4.959317743,-4.446413281,-4.482311822
GRMN,Garmin Ltd.,2017,2,22,-3.936393284,-4.137276469,-4.366443969,-4.542860279,Garmin Ltd._20170222,-5.535736587,-4.890697252,-4.384622199,-4.337969071
A,Agilent Technologies Inc,2017,2,14,-4.078610779,-4.41454912,-4.495206553,-4.461739566,Agilent Technologies Inc_20170214,-5.233963519,-5.311609149,-4.485574326,-4.392774787
APA,Apache Corporation,2017,2,23,-4.88868038,-4.685040694,-4.245149139,-4.148379275,Apache Corporation_20170223,-4.495940574,-4.410957456,-4.145789074,-4.235487911
COTY,"Coty, Inc",2017,2,9,-3.788205052,-3.52467294,-3.721125461,-3.941792414,"Coty, Inc_20170209",-4.309397626,-4.289349789,-4.033790076,-4.181072244
TPR,"Tapestry, Inc.",2017,1,31,-4.276255824,-4.387858107,-4.630683114,-4.401715051,"Tapestry, Inc._20170131",-4.630534686,-4.131955619,-4.272009224,-4.074700823
CELG,Celgene Corp.,2017,1,26,-4.358353278,-4.333852301,-4.321218078,-4.3276868,Celgene Corp._20170126,-4.95060145,-4.536413065,-4.624070599,-4.408718186
GM,General Motors,2017,10,24,-4.333445448,-4.406943267,-4.2977089,-4.2985007,General Motors_20171024,-4.918272088,-4.471420469,-4.351297235,-4.37096656
GWW,Grainger (W.W.) Inc.,2017,7,19,-4.415060864,-4.271854745,-4.352989555,-4.194146712,Grainger (W.W.) Inc._20170719,-5.313937533,-4.013277396,-4.116755004,-4.122916183
HPQ,HP Inc.,2017,8,23,-4.100710259,-4.395659292,-4.521400801,-4.785493047,HP Inc._20170823,-4.343511556,-4.389459741,-4.52763994,-4.637863718
CVX,Chevron Corp.,2017,4,28,-4.700389531,-4.46847544,-4.572111523,-4.628776352,Chevron Corp._20170428,-5.058900961,-4.823642325,-4.713230367,-4.843318176
DISH,Dish Network,2017,2,22,-4.908101642,-4.704003972,-4.191907207,-4.408066942,Dish Network_20170222,-6.087140478,-5.023375558,-4.528568093,-4.076784235
SRCL,Stericycle Inc,2017,5,4,-4.404071556,-4.697036713,-4.851836251,-4.487863638,Stericycle Inc_20170504,-5.035883356,-5.028751078,-4.908079031,-4.772197087
JNPR,Juniper Networks,2017,4,25,-3.711011641,-3.802238951,-4.077107864,-4.163793911,Juniper Networks_20170425,-4.828342701,-5.064597389,-5.151945571,-5.021787087
CLX,The Clorox Company,2017,8,3,-5.160387483,-5.22267199,-5.164905722,-4.998810203,The Clorox Company_20170803,-5.151201632,-4.878095499,-4.967943274,-4.883049037
HES,Hess Corporation,2017,4,26,-4.514825787,-3.96544461,-4.006348503,-3.925930502,Hess Corporation_20170426,-5.137425422,-4.054149669,-3.951012272,-3.863615067
PRGO,Perrigo,2017,11,9,-5.786916954,-4.789632664,-4.715022166,-4.335416815,Perrigo_20171109,-3.905056748,-3.877610987,-4.187430396,-4.279530827
SNPS,Synopsys Inc.,2017,5,17,-3.84483615,-4.174584068,-4.52212254,-4.582560086,Synopsys Inc._20170517,-5.689713839,-5.435912929,-5.654270781,-5.278124752
WDC,Western Digital,2017,10,26,-3.54103345,-3.885708546,-3.973761212,-3.705167118,Western Digital_20171026,-4.532801882,-4.639891256,-4.505411377,-4.150115828
AAP,Advance Auto Parts,2017,5,24,-4.444430316,-4.279078007,-4.045547923,-3.633728861,Advance Auto Parts_20170524,-3.59144569,-3.745573018,-4.058373792,-4.222769297
BWA,BorgWarner,2017,2,9,-4.400318706,-4.36044785,-4.281444863,-4.164476739,BorgWarner_20170209,-4.77965187,-4.79428285,-4.508210248,-4.526953099
mat,Mattel Inc.,2017,10,26,-2.340117159,-2.734555185,-2.616069217,-2.882509975,Mattel Inc._20171026,-4.187370944,-4.28003577,-4.548713447,-4.060845796
PEP,PepsiCo Inc.,2017,7,11,-4.946304082,-5.328375912,-5.253176191,-5.257638105,PepsiCo Inc._20170711,-5.145285281,-5.240779571,-5.0980719,-5.233228143
WRK,WestRock,2017,11,2,-5.197351528,-5.125441835,-5.003493452,-4.513263553,WestRock_20171102,-4.561534606,-4.805453209,-4.991601844,-4.587872161
CI,CIGNA Corp.,2017,8,4,-4.684898917,-4.4114743,-4.625348704,-4.647166943,CIGNA Corp._20170804,-5.127210595,-4.946032762,-4.976655575,-4.991021546
USB,U.S. Bancorp,2017,7,19,-4.785998949,-4.762819001,-5.043410349,-4.870026514,U.S. Bancorp_20170719,-5.859120609,-5.255994989,-4.896836953,-4.792043246
CLX,The Clorox Company,2017,2,3,-4.479108412,-4.838018308,-4.725091904,-4.91379147,The Clorox Company_20170203,-5.409740305,-5.414751077,-5.105903977,-4.894047642
TMO,Thermo Fisher Scientific,2017,4,26,-4.898877661,-4.963177909,-5.050298636,-5.17717076,Thermo Fisher Scientific_20170426,-4.956647999,-5.118946727,-5.030371166,-4.925169352
GPC,Genuine Parts,2017,2,21,-4.343139071,-4.615593883,-4.795432761,-4.881523886,Genuine Parts_20170221,-4.646909961,-4.996229347,-4.921933981,-4.60514281
dva,DaVita Inc.,2017,8,1,-3.242675638,-3.531152491,-3.776939842,-3.982476324,DaVita Inc._20170801,-4.825864955,-5.064352252,-4.802595796,-4.667379749
MRK,Merck & Co.,2017,2,2,-4.727375907,-4.974285446,-5.028562464,-5.032770731,Merck & Co._20170202,-5.143366529,-5.040382734,-4.262277154,-4.340922532
EA,Electronic Arts,2017,10,31,-3.940720914,-3.977044647,-4.217468692,-4.012513385,Electronic Arts_20171031,-6.147670881,-5.353377657,-4.531123366,-4.434178638
MOS,The Mosaic Company,2017,10,31,-4.693258914,-4.981459858,-4.314625683,-4.184615195,The Mosaic Company_20171031,-5.21138457,-4.1202213,-4.09280465,-4.238447299
SYY,Sysco Corp.,2017,5,8,-5.070524653,-4.768216326,-4.946131295,-4.861622349,Sysco Corp._20170508,-4.356109428,-4.381058338,-4.650058645,-4.81429139
CAG,Conagra Brands,2017,12,21,-5.494182809,-5.293809583,-4.876264872,-4.572105032,Conagra Brands_20171221,-6.09818074,-4.721748174,-4.716797167,-4.464176352
chd,Church & Dwight,2017,11,2,-4.031709003,-4.000476075,-4.164577528,-4.268026802,Church & Dwight_20171102,-4.285096956,-4.486283278,-4.599378145,-4.632023492
EL,Estee Lauder Cos.,2017,11,1,-4.424007332,-4.681009979,-4.772557841,-4.819105875,Estee Lauder Cos._20171101,-4.923787916,-5.077657669,-4.986378029,-4.824837932
HPE,Hewlett Packard Enterprise,2017,5,31,-3.58958818,-3.785432839,-4.049100943,-4.112289856,Hewlett Packard Enterprise_20170531,-6.224595913,-4.875189698,-4.820738202,-4.9464187
GS,Goldman Sachs Group,2017,1,18,-4.947791835,-4.668439484,-4.199451567,-4.384996645,Goldman Sachs Group_20170118,-4.158530499,-4.166812055,-4.442589031,-4.335683381
SRCL,Stericycle Inc,2017,8,3,-3.796551611,-3.777646724,-3.941645161,-4.106774389,Stericycle Inc_20170803,-4.447822398,-4.536534582,-4.645188025,-4.548722797
ABBV,AbbVie Inc.,2017,4,27,-5.480784086,-5.062879209,-4.74800158,-4.892330608,AbbVie Inc._20170427,-5.157048096,-4.960033097,-5.12739676,-5.157194418
JPM,JPMorgan Chase & Co.,2017,10,12,-4.547611056,-4.789015067,-4.877159251,-4.833525521,JPMorgan Chase & Co._20171012,-5.195225386,-4.881591666,-4.860689585,-4.665760035
MOS,The Mosaic Company,2017,8,1,-4.073064854,-4.185990394,-4.220272828,-4.143463805,The Mosaic Company_20170801,-5.075984678,-4.420430009,-4.480998537,-3.934038006
ROK,Rockwell Automation Inc.,2017,4,26,-5.677605442,-5.00431881,-4.707879413,-4.634945784,Rockwell Automation Inc._20170426,-4.540244406,-4.381687165,-4.176734874,-4.356726315
CCI,Crown Castle International Corp.,2017,7,19,-4.283086622,-4.68725743,-4.735739832,-4.963098464,Crown Castle International Corp._20170719,-3.825706524,-4.039169778,-4.238398359,-4.487865716
CBOE,Cboe Global Markets,2017,8,4,-6.106194574,-5.056154886,-4.751069256,-4.888246781,Cboe Global Markets_20170804,-5.349677974,-5.075803532,-5.102037094,-5.094202009
AKAM,Akamai Technologies Inc,2017,2,7,-2.962798264,-3.268676765,-3.574041082,-3.837762923,Akamai Technologies Inc_20170207,-5.585455327,-5.380724616,-4.773152556,-4.802222553
kmx,Carmax Inc,2017,12,21,-4.905656279,-4.20263047,-4.086380461,-3.997035153,Carmax Inc_20171221,-4.649309817,-4.551517212,-4.080837974,-4.28427844
WEC,Wec Energy Group Inc,2017,2,1,-5.700706225,-5.335990602,-5.050277187,-4.807522021,Wec Energy Group Inc_20170201,-4.949236063,-5.160164074,-5.050655248,-4.928385269
CMCSA,Comcast Corp.,2017,1,26,-5.150398732,-5.164890942,-5.170350252,-5.139849131,Comcast Corp._20170126,-5.576449782,-5.123489596,-4.967886931,-4.948934024
SEE,Sealed Air,2017,11,8,-4.631718071,-4.821919694,-4.627199338,-4.617194381,Sealed Air_20171108,-5.176167593,-5.201779195,-4.808824244,-4.779736595
CTSH,Cognizant Technology Solutions,2017,11,1,-5.27366053,-5.164116335,-4.501900618,-4.638386705,Cognizant Technology Solutions_20171101,-5.460676344,-5.222253094,-5.312455831,-5.366705804
ORCL,Oracle Corp.,2017,12,14,-4.103398021,-4.293629557,-4.308059783,-4.415145455,Oracle Corp._20171214,-4.561393929,-4.512751799,-4.464803642,-4.598721382
CAT,Caterpillar Inc.,2017,7,25,-5.000069199,-5.218456022,-5.206058223,-4.953076137,Caterpillar Inc._20170725,-4.62294829,-4.843267104,-4.972768046,-4.557133266
SWKS,Skyworks Solutions,2017,7,20,-4.789500505,-4.826578002,-4.368800557,-4.249170358,Skyworks Solutions_20170720,-4.718345523,-5.031142548,-4.506770955,-4.070518721
ffiv,F5 Networks,2017,1,25,-3.183470524,-3.448678397,-3.759520016,-4.034325471,F5 Networks_20170125,-4.384944441,-4.583135286,-4.876318895,-4.86716038
HRL,Hormel Foods Corp.,2017,2,23,-4.243494574,-4.572818377,-4.543891508,-4.71073961,Hormel Foods Corp._20170223,-4.964357858,-4.708041765,-4.647848825,-4.659460817
GIS,General Mills,2017,6,28,-4.276997742,-4.681224731,-4.756165143,-4.820095915,General Mills_20170628,-5.03221051,-5.267121272,-4.591524733,-4.753140538
DIS,The Walt Disney Company,2017,11,9,-4.230635465,-4.593871688,-4.773492361,-4.246821478,The Walt Disney Company_20171109,-4.601758527,-4.687658273,-4.849177535,-4.830613657
MLM,Martin Marietta Materials,2017,11,2,-4.555841806,-4.732516175,-4.521969337,-4.087159724,Martin Marietta Materials_20171102,-5.649243152,-4.368660741,-4.213492909,-4.282776795
PPL,PPL Corp.,2017,8,3,-5.49148431,-5.321409368,-5.228968505,-5.039694824,PPL Corp._20170803,-6.151067824,-5.102476819,-5.052999743,-5.065364615
PNW,Pinnacle West Capital,2017,5,2,-5.604947489,-5.474877236,-5.325847439,-5.239352284,Pinnacle West Capital_20170502,-4.779459203,-4.923757809,-5.080117155,-5.147464989
C,Citigroup Inc.,2017,10,12,-5.351929421,-5.047832006,-5.076494484,-5.078389381,Citigroup Inc._20171012,-8.407586528,-4.755247523,-4.759440555,-4.562508424
NEM,Newmont Mining Corporation,2017,7,25,-4.175353685,-4.442556874,-4.542800984,-4.467376146,Newmont Mining Corporation_20170725,-4.466112233,-4.692723192,-4.430353029,-4.395815085
tdg,TransDigm Group,2017,2,7,-5.285417863,-4.910836435,-4.702756004,-4.026222365,TransDigm Group_20170207,-5.007890282,-4.428086084,-3.594381237,-3.903207243
DUK,Duke Energy,2017,11,3,-4.570755285,-4.668207788,-4.885200049,-4.966081295,Duke Energy_20171103,-5.231150231,-5.328973769,-5.333678409,-5.12189842
MDLZ,Mondelez International,2017,8,2,-4.482764739,-4.752946469,-4.739441671,-4.570794397,Mondelez International_20170802,-5.332015163,-5.04567504,-5.12434757,-4.935455407
MO,Altria Group Inc,2017,10,26,-4.889248985,-4.839664192,-4.720191866,-4.625843627,Altria Group Inc_20171026,-6.868869877,-5.146630569,-4.567186074,-4.5945519
nrg,NRG Energy,2017,2,28,-5.840125482,-4.162360502,-4.028971753,-4.122504402,NRG Energy_20170228,-3.581743127,-3.902885471,-3.890889369,-3.930467098
tIf,Tiffany & Co.,2017,5,24,-5.29842155,-4.801397302,-4.521013401,-4.509051643,Tiffany & Co._20170524,-4.952641678,-4.740095574,-4.642899411,-4.777088927
ADP,Automatic Data Processing,2017,5,3,-4.039801212,-4.405813889,-4.60562062,-4.663335479,Automatic Data Processing_20170503,-5.838822471,-4.995041299,-5.145010557,-5.126691129
PWR,Quanta Services Inc.,2017,5,4,-5.048395209,-4.374539331,-4.395791025,-4.310653203,Quanta Services Inc._20170504,-4.898933548,-4.704300668,-4.311915338,-4.398772348
CRM,Salesforce.com,2017,2,28,-3.961326758,-4.363934353,-4.59563249,-4.683218092,Salesforce.com_20170228,-6.51074452,-5.07920262,-5.161073264,-4.932086368
SYK,Stryker Corp.,2017,10,26,-3.147882299,-3.538867353,-3.872935316,-4.136876206,Stryker Corp._20171026,-5.827687014,-5.34331843,-4.763164906,-4.774665237
ADSK,Autodesk Inc.,2017,3,2,-4.917415811,-4.005281731,-4.014671078,-4.257380048,Autodesk Inc._20170302,-3.948776158,-4.285228038,-4.394925043,-4.414390657
RF,Regions Financial Corp.,2017,7,21,-4.710234519,-4.969630099,-4.543939663,-4.494648088,Regions Financial Corp._20170721,-5.841953549,-4.813599436,-4.332127919,-4.243451603
CTXS,Citrix Systems,2017,8,2,-4.375983302,-4.447467137,-4.287007504,-4.414330976,Citrix Systems_20170802,-4.962426575,-4.730052778,-4.525430149,-4.557048409
AMT,American Tower Corp A,2017,4,27,-5.323944292,-5.052285322,-4.607138641,-4.816695633,American Tower Corp A_20170427,-5.515275456,-5.476551672,-5.160540451,-5.213484272
peg,Public Serv. Enterprise Inc.,2017,4,28,-5.334152325,-4.973040649,-4.986272166,-4.95192822,Public Serv. Enterprise Inc._20170428,-6.274666376,-4.845787866,-4.846272285,-4.815522638
WMT,Walmart,2017,11,16,-4.725910121,-4.822477527,-4.966718764,-5.024059203,Walmart_20171116,-4.967212015,-4.835540016,-4.78296415,-4.475188985
ew,Edwards Lifesciences,2017,2,1,-3.201398838,-3.489413905,-3.654974689,-3.874758925,Edwards Lifesciences_20170201,-4.300635673,-4.400072077,-4.578756086,-4.669612342
PPL,PPL Corp.,2017,5,4,-5.206707745,-5.448216003,-5.297795065,-5.348020706,PPL Corp._20170504,-6.184418411,-5.678623123,-5.240511579,-5.328077974
BLL,Ball Corp,2017,11,2,-5.64081171,-5.094895963,-4.515914521,-4.368593005,Ball Corp_20171102,-5.245534374,-5.129485911,-5.066788087,-5.188981003
NTAP,NetApp,2017,11,15,-2.667619222,-2.92569528,-3.22469531,-3.500114899,NetApp_20171115,-5.496501275,-4.4128533,-4.310573633,-4.543591565
MMC,Marsh & McLennan,2017,10,26,-5.530805435,-4.52073168,-4.817186617,-4.815721652,Marsh & McLennan_20171026,-6.315298871,-5.550837382,-5.708597207,-5.280918189
HSIC,Henry Schein,2017,2,21,-5.122736684,-5.100841547,-5.288714779,-5.376943676,Henry Schein_20170221,-5.318423289,-5.417618108,-5.197726024,-4.913508381
ROP,Roper Technologies,2017,2,9,-5.200632404,-5.450661605,-5.205091039,-5.050026107,Roper Technologies_20170209,-6.084936518,-5.626128695,-5.253576818,-4.950462581
WM,Waste Management Inc.,2017,10,26,-4.933161134,-4.836384777,-5.0071918,-4.948903407,Waste Management Inc._20171026,-5.638283801,-5.672926003,-5.569679205,-4.871054114
PCAR,PACCAR Inc.,2017,7,25,-5.947040328,-4.787704721,-4.516621608,-4.557188354,PACCAR Inc._20170725,-6.260019695,-5.601536211,-5.03493478,-4.494089926
RSG,Republic Services Inc,2017,7,27,-4.668833381,-5.006505584,-5.147643621,-5.111672128,Republic Services Inc_20170727,-5.174254912,-5.525944951,-5.510328778,-5.2973318
MO,Altria Group Inc,2017,7,27,-3.156126547,-3.368366575,-3.686034061,-3.98111096,Altria Group Inc_20170727,-6.145962524,-5.425757353,-5.324198286,-4.96421529
T,AT&T Inc.,2017,10,24,-3.820097295,-4.18555746,-4.302962132,-4.266714834,AT&T Inc._20171024,-5.775205087,-4.830903524,-4.109804208,-4.227999909
AET,Aetna Inc,2017,1,31,-4.204477151,-4.332806149,-4.141610438,-4.395943741,Aetna Inc_20170131,-5.404452723,-4.450404337,-4.633852519,-4.629604441
BIIB,Biogen Inc.,2017,1,26,-5.31619412,-3.754027616,-3.91437991,-4.140998118,Biogen Inc._20170126,-5.129559604,-5.069840099,-4.47758476,-4.345745373
BMY,Bristol-Myers Squibb,2017,4,27,-5.152434755,-4.939823731,-5.008834615,-4.436497293,Bristol-Myers Squibb_20170427,-5.455022632,-5.703775347,-5.328762673,-4.859313707
ADS,Alliance Data Systems,2017,10,19,-4.349783726,-4.054896251,-4.261788757,-4.255784033,Alliance Data Systems_20171019,-4.958472282,-3.871713978,-4.229562717,-4.250771808
SWKS,Skyworks Solutions,2017,11,6,-3.675761028,-3.961594777,-4.139032252,-4.227492683,Skyworks Solutions_20171106,-4.205906859,-4.066716989,-4.051974181,-4.196212468
GLW,Corning Inc.,2017,1,24,-4.621118667,-4.686735707,-4.702711813,-4.750780671,Corning Inc._20170124,-4.721353082,-4.269389178,-4.565411433,-4.646895403
XL,XL Group,2017,10,24,-4.844770508,-4.474508481,-4.444824463,-4.476456437,XL Group_20171024,-4.230097589,-4.272688713,-4.261526183,-4.224912241
KR,Kroger Co.,2017,6,15,-3.080728404,-3.379122172,-3.66458403,-3.908475191,Kroger Co._20170615,-4.256031485,-4.251360901,-4.523950977,-4.301802156
MLM,Martin Marietta Materials,2017,5,2,-5.443149322,-5.247140486,-4.295805829,-4.333485825,Martin Marietta Materials_20170502,-4.429732474,-4.509815998,-4.230492762,-4.185388131
YUM,Yum! Brands Inc,2017,8,3,-5.203679428,-5.00404141,-5.057351055,-4.856861998,Yum! Brands Inc_20170803,-5.176607485,-4.869492985,-5.052376708,-5.064408282
ABMD,ABIOMED Inc,2017,5,4,-4.2803581,-4.364968825,-4.348953294,-4.440268008,ABIOMED Inc_20170504,-3.732885607,-4.125214163,-4.057420623,-4.343380671
RHI.F,Red Hat Inc.,2017,9,25,-4.066466138,-4.369576417,-4.432430388,-4.210558614,Red Hat Inc._20170925,-5.946776464,-4.672896249,-4.826983723,-4.63405314
MAS,Masco Corp.,2017,10,24,-4.087010391,-4.323893868,-4.537604014,-4.365116088,Masco Corp._20171024,-4.541130376,-4.573431015,-4.738918403,-4.826324658
JWN,Nordstrom,2017,11,9,-3.979748787,-4.053169857,-3.806180038,-3.900345051,Nordstrom_20171109,-4.019535778,-4.213628207,-4.227999546,-3.969404418
CPB,Campbell Soup,2017,11,21,-4.133875977,-4.050354006,-4.071605145,-4.222965732,Campbell Soup_20171121,-4.180822879,-3.756445632,-3.790616415,-3.943069722
MLM,Martin Marietta Materials,2017,2,14,-4.847005818,-4.005414408,-3.985567776,-4.07068472,Martin Marietta Materials_20170214,-4.515760018,-4.473582499,-4.115004594,-4.240635728
FIS,Fidelity National Information Services,2017,8,2,-5.347832565,-5.573746449,-4.771598896,-4.970155551,Fidelity National Information Services_20170802,-5.521150279,-5.298279824,-5.487019187,-5.202263361
INTU,Intuit Inc.,2017,5,23,-3.491633376,-3.831388032,-4.030524659,-4.22549548,Intuit Inc._20170523,-4.993513577,-4.700182553,-5.043490484,-4.080151198
PYPL,PayPal,2017,7,26,-4.055459609,-4.296657668,-4.307286475,-4.438137991,PayPal_20170726,-6.058321251,-4.466137135,-4.107060405,-4.150902673
PNW,Pinnacle West Capital,2017,11,3,-5.331134779,-4.506673819,-4.703304201,-4.684006692,Pinnacle West Capital_20171103,-5.70223178,-5.279259153,-5.211257313,-4.97064306
CMA,Comerica Inc.,2017,1,17,-4.188783486,-4.394531498,-4.364996176,-4.239643124,Comerica Inc._20170117,-4.874396942,-4.889356209,-4.826991221,-4.54352184
BMY,Bristol-Myers Squibb,2017,7,27,-3.991258392,-4.195034903,-4.346774999,-4.310852522,Bristol-Myers Squibb_20170727,-5.773552936,-5.749289645,-4.842627515,-4.710935024
aes,AES Corp,2017,5,8,-4.430995158,-4.584439092,-4.410441509,-4.393906631,AES Corp_20170508,-4.255830499,-4.664970148,-4.690980258,-4.687717291
KMB,Kimberly-Clark,2017,1,24,-5.256143062,-5.419816924,-5.40305642,-4.615004842,Kimberly-Clark_20170124,-5.405840256,-5.321259481,-5.030185461,-5.021548808
SWKS,Skyworks Solutions,2017,1,19,-2.957813399,-3.123178573,-3.411767793,-3.651808947,Skyworks Solutions_20170119,-3.851858827,-3.975387581,-4.119095629,-4.087818439
SBUX,Starbucks Corp.,2017,1,26,-4.170212184,-3.936378429,-4.222289948,-4.47680623,Starbucks Corp._20170126,-5.463222858,-5.02088351,-4.887426634,-4.825411785
BWA,BorgWarner,2017,7,27,-4.854902653,-4.549052713,-4.35320499,-4.371109985,BorgWarner_20170727,-4.349904934,-4.141324182,-4.265510008,-4.086223115
GRMN,Garmin Ltd.,2017,11,1,-4.487303361,-4.562169924,-4.602419264,-4.587272147,Garmin Ltd._20171101,-5.843038557,-5.466659985,-5.525427471,-5.163011898
UTX,United Technologies,2017,7,25,-5.493340141,-5.01822744,-4.79387573,-4.203694194,United Technologies_20170725,-5.121765143,-5.378755665,-5.371277906,-5.335417464
HBI,Hanesbrands Inc,2017,11,1,-3.33532958,-3.380646013,-3.625255508,-3.829719972,Hanesbrands Inc_20171101,-4.817784844,-4.402234738,-4.541025159,-4.260175313
K,Kellogg Co.,2017,5,4,-3.815274139,-4.222497,-4.470085584,-4.614282405,Kellogg Co._20170504,-5.084974129,-5.190520475,-4.978691988,-5.098090881
MGM,MGM Resorts International,2017,7,27,-5.469807564,-4.834145707,-4.336130038,-4.310559163,MGM Resorts International_20170727,-4.811932135,-4.38408118,-4.409301614,-4.134522894
GPS,Gap Inc.,2017,5,18,-3.960649181,-4.105916863,-4.229576761,-4.274548813,Gap Inc._20170518,-4.02191919,-3.926990291,-4.012738875,-3.90319496
HSY,The Hershey Company,2017,4,26,-4.898356186,-5.199246227,-5.072612622,-4.941255791,The Hershey Company_20170426,-4.683739086,-4.896005951,-4.980415971,-5.15933853
shw,Sherwin-Williams,2017,7,20,-6.106755798,-4.969267436,-4.990591002,-4.59283435,Sherwin-Williams_20170720,-5.331076073,-5.485317966,-4.835618581,-4.705625815
CELG,Celgene Corp.,2017,7,27,-5.274220527,-5.409157233,-4.266576891,-4.297198763,Celgene Corp._20170727,-4.818362784,-4.904997719,-5.015251078,-4.251934184
AMD,Advanced Micro Devices Inc,2017,7,25,-3.295477865,-3.624591235,-3.55548595,-3.689586005,Advanced Micro Devices Inc_20170725,-5.049978548,-4.095433598,-3.462214516,-3.325537582
LRCX,Lam Research,2017,1,25,-3.655781778,-3.917806817,-4.266967868,-4.425053756,Lam Research_20170125,-5.20447044,-4.413378431,-4.591131969,-4.418723863
JWN,Nordstrom,2017,2,23,-3.433632731,-3.53955258,-3.735202891,-3.711792652,Nordstrom_20170223,-3.967907524,-3.72295285,-3.824588481,-3.883262065
ECL,Ecolab Inc.,2017,8,1,-5.194743998,-4.740014982,-4.733218939,-4.796202188,Ecolab Inc._20170801,-6.095976007,-5.362340276,-5.2948863,-5.14547095
VRSN,Verisign Inc.,2017,7,27,-4.606121849,-4.758579325,-4.646790231,-4.727854272,Verisign Inc._20170727,-7.024688936,-5.597369947,-5.021909933,-4.979431788
CPB,Campbell Soup,2017,8,31,-3.93768658,-4.214716791,-4.21892602,-4.286080233,Campbell Soup_20170831,-5.064282548,-4.390541352,-4.558809565,-4.752139231
KSS,Kohl's Corp.,2017,2,23,-3.447836377,-3.590153633,-3.813678397,-3.713440774,Kohl's Corp._20170223,-5.061359602,-3.995707836,-3.928160949,-4.078207345
KSS,Kohl's Corp.,2017,5,11,-4.361932199,-4.512534218,-4.384272746,-3.80914618,Kohl's Corp._20170511,-4.141698713,-4.049524999,-3.922534657,-3.836303689
NKE,Nike,2017,3,21,-3.124855078,-3.513492695,-3.885332478,-4.161205219,Nike_20170321,-4.982616285,-5.258394943,-4.779746539,-4.626406659
KHC,Kraft Heinz Co,2017,2,15,-2.725340186,-3.086391042,-3.460781656,-3.793840915,Kraft Heinz Co_20170215,-6.992782043,-5.538265908,-5.354205225,-5.203229514
GWW,Grainger (W.W.) Inc.,2017,1,25,-4.819106856,-4.975126572,-5.161413901,-4.616875431,Grainger (W.W.) Inc._20170125,-4.997538872,-4.907959437,-4.618542313,-4.686829263
HUM,Humana Inc.,2017,5,3,-4.597949539,-4.919668177,-4.598318083,-4.703945831,Humana Inc._20170503,-5.616070867,-4.91344716,-4.968104849,-4.668623543
CVS,CVS Health,2017,2,9,-4.948346279,-5.202714421,-5.104772291,-5.214462075,CVS Health_20170209,-6.12176838,-4.093974607,-4.220492225,-4.316962129
INTC,Intel Corp.,2017,10,26,-3.478559059,-3.636205082,-3.837473881,-4.017748599,Intel Corp._20171026,-5.161335359,-5.114424895,-5.071722425,-4.984562252
ABC,AmerisourceBergen Corp,2017,8,3,-5.622207918,-4.810175133,-4.711892126,-4.323184718,AmerisourceBergen Corp_20170803,-4.980023103,-4.402989341,-4.551316211,-4.440029563
FIS,Fidelity National Information Services,2017,2,7,-4.20246332,-4.442631913,-4.58667837,-4.712803076,Fidelity National Information Services_20170207,-6.16208601,-5.790074216,-5.130668629,-4.813245632
RSG,Republic Services Inc,2017,2,16,-4.607447692,-4.620509468,-4.881103168,-4.907361092,Republic Services Inc_20170216,-5.207102991,-5.465351321,-5.262760692,-5.306350378
HLT,Hilton Worldwide Holdings Inc,2017,5,2,-4.797280003,-4.440810526,-4.356740015,-4.455741732,Hilton Worldwide Holdings Inc_20170502,-4.504711018,-4.117614731,-4.4091961,-4.489732306
HAS,Hasbro Inc.,2017,10,23,-4.377963724,-3.804804972,-3.771383846,-4.03359028,Hasbro Inc._20171023,-4.933894447,-5.073631214,-5.15131259,-4.777499135
SIVB,SVB Financial,2017,1,26,-5.071342138,-3.984907761,-4.117925717,-4.208397398,SVB Financial_20170126,-4.089694347,-3.742056136,-3.831984531,-3.964123002
GRMN,Garmin Ltd.,2017,5,3,-4.316322078,-4.534314253,-4.439357208,-4.563713473,Garmin Ltd._20170503,-4.292440592,-4.562236203,-4.610784538,-4.691552883
CTL,CenturyLink Inc,2017,8,2,-3.691457126,-3.995407241,-3.486159624,-3.669026608,CenturyLink Inc_20170802,-4.904549831,-4.074217338,-4.028150105,-4.190634056
PH,Parker-Hannifin,2017,4,27,-5.101647264,-5.19794184,-4.936057659,-4.498510903,Parker-Hannifin_20170427,-4.186626644,-4.251334287,-4.205707699,-4.422617289
ROST,Ross Stores,2017,2,28,-4.076458378,-4.41956716,-4.597245022,-4.549252079,Ross Stores_20170228,-4.099838532,-4.447865826,-4.57787619,-4.681994457
WEC,Wec Energy Group Inc,2017,5,2,-5.580739894,-5.180612365,-5.297291125,-5.300590232,Wec Energy Group Inc_20170502,-5.460920952,-5.27984146,-5.125425563,-5.046455865
aon,Aon plc,2017,5,9,-6.571720473,-5.416640917,-5.511657906,-5.412728901,Aon plc_20170509,-6.309955304,-5.482978819,-4.992557243,-5.105503861
ANTM,Anthem Inc.,2017,7,26,-4.211403036,-4.477898024,-4.635368586,-4.603454006,Anthem Inc._20170726,-6.408620637,-5.201851406,-5.190763149,-5.001594361
MRK,Merck & Co.,2017,5,2,-4.844407252,-4.768429135,-4.721402798,-4.781149489,Merck & Co._20170502,-6.232753895,-5.2447598,-5.160316872,-5.37503461
VZ,Verizon Communications,2017,4,20,-4.750855017,-4.466553029,-4.567697992,-4.60167752,Verizon Communications_20170420,-5.136818778,-5.261678197,-5.281879096,-5.17195548
DLR,Digital Realty Trust Inc,2017,2,16,-4.782212646,-4.599819013,-4.456613245,-4.535208344,Digital Realty Trust Inc_20170216,-4.887173345,-4.903257781,-4.840267965,-4.537027102
DISH,Dish Network,2017,11,9,-4.968238103,-4.981263457,-4.690847343,-4.177062337,Dish Network_20171109,-3.294677621,-3.691832071,-3.800837504,-3.896601422
WBA,Walgreens Boots Alliance,2017,4,5,-5.995967393,-5.598977281,-5.162760436,-4.815611978,Walgreens Boots Alliance_20170405,-6.362123554,-5.480337021,-5.072780278,-5.124044581
JPM,JPMorgan Chase & Co.,2017,7,14,-5.427598094,-4.88116195,-4.850273804,-4.859402576,JPMorgan Chase & Co._20170714,-5.35328333,-5.118182702,-4.780138145,-4.708670041
EBAY,eBay Inc.,2017,1,25,-3.698793785,-3.885901834,-4.148623215,-4.31317846,eBay Inc._20170125,-5.5289372,-4.95006214,-4.447379643,-4.567534315
MLM,Martin Marietta Materials,2017,8,1,-3.8843518,-4.072653115,-4.298923282,-4.023406136,Martin Marietta Materials_20170801,-5.364415981,-5.224281917,-4.638379917,-4.432902784
BA,Boeing Company,2017,4,26,-4.580006096,-4.858666546,-4.721279706,-4.683882883,Boeing Company_20170426,-6.607323467,-4.938898524,-4.752222748,-4.831809032
CI,CIGNA Corp.,2017,5,5,-5.74638182,-5.050021887,-4.871953559,-4.854937827,CIGNA Corp._20170505,-5.165266844,-5.273976564,-4.812457131,-4.67555915
EQT,EQT Corporation,2017,4,27,-4.189589704,-3.813423852,-4.126601635,-4.124831282,EQT Corporation_20170427,-5.090041137,-4.787325889,-4.716271974,-4.48146162
SEE,Sealed Air,2017,5,9,-4.05753583,-4.214134555,-4.536852517,-4.724322908,Sealed Air_20170509,-5.676660334,-4.711286175,-4.681455093,-4.645019265
sti,SunTrust Banks,2017,1,20,-4.560512459,-4.211837606,-4.388137468,-4.362340817,SunTrust Banks_20170120,-3.962881365,-4.147026432,-4.242770907,-4.365333153
BLL,Ball Corp,2017,5,4,-5.891423086,-5.345643922,-5.17149421,-5.057193247,Ball Corp_20170504,-5.690049965,-4.452527357,-4.702773935,-4.839135019
ABBV,AbbVie Inc.,2017,7,28,-5.068507999,-5.43985752,-4.90118717,-4.189417022,AbbVie Inc._20170728,-4.804967144,-4.427552298,-4.661363642,-4.731409191
ABBV,AbbVie Inc.,2017,7,28,-5.068507999,-5.43985752,-4.90118717,-4.189417022,AbbVie Inc._20170728,-4.804967144,-4.427552298,-4.661363642,-4.731409191
PNW,Pinnacle West Capital,2017,2,24,-5.042632993,-5.015224837,-4.627393487,-4.841395702,Pinnacle West Capital_20170224,-5.114152128,-4.985705304,-5.054219105,-4.980846936
FB,"Facebook, Inc.",2017,11,1,-4.452170491,-4.84727242,-4.83246624,-4.396835439,"Facebook, Inc._20171101",-4.037825377,-4.007652921,-4.340111367,-4.264119278
PEP,PepsiCo Inc.,2017,4,26,-5.068123547,-5.060027585,-5.277141196,-5.217725542,PepsiCo Inc._20170426,-5.43517326,-5.289121918,-5.097186334,-5.207001004
TSCO,Tractor Supply Company,2017,4,26,-3.925216291,-3.921082477,-4.248268194,-4.193914623,Tractor Supply Company_20170426,-4.815780634,-4.964526159,-3.758234859,-3.995129247
NVDA,Nvidia Corporation,2017,5,9,-2.624143122,-2.696170382,-3.008232278,-3.195120488,Nvidia Corporation_20170509,-5.432675057,-4.185345936,-4.317535631,-3.961653761
TGT,Target Corp.,2017,8,16,-4.539873632,-4.059172323,-4.147068258,-4.274925393,Target Corp._20170816,-4.108298901,-3.964976037,-4.191692687,-4.166124547
WBA,Walgreens Boots Alliance,2017,10,25,-3.505787374,-3.827515844,-3.939246371,-4.0279573,Walgreens Boots Alliance_20171025,-4.718810122,-4.963158182,-4.139183085,-4.329067648
PYPL,PayPal,2017,1,26,-4.457633986,-4.465025294,-4.429612139,-4.60845372,PayPal_20170126,-5.13027962,-5.067000731,-4.942629863,-4.873705159
SWKS,Skyworks Solutions,2017,4,27,-3.789561638,-4.103717435,-3.957727206,-4.141937347,Skyworks Solutions_20170427,-4.299179476,-4.451579333,-4.298652019,-4.415514794
TXN,Texas Instruments,2017,10,24,-4.784488323,-4.906247982,-4.934432877,-4.687608179,Texas Instruments_20171024,-4.892583473,-4.788083168,-5.078630941,-4.814005895
cbre,CBRE Group,2017,11,3,-4.75608097,-4.681492562,-4.721259173,-4.726472038,CBRE Group_20171103,-6.406747932,-4.833044281,-4.872473055,-5.087608356
UTX,United Technologies,2017,10,24,-4.976167563,-5.032344507,-4.837353603,-4.739285188,United Technologies_20171024,-5.243202799,-5.459888527,-5.47556357,-4.915225379
FCX,Freeport-McMoRan Inc.,2017,4,25,-3.55960726,-3.603546183,-3.820366289,-3.889600577,Freeport-McMoRan Inc._20170425,-4.226969513,-4.411617848,-4.00594255,-3.803504443
ILMN,Illumina Inc,2017,8,1,-2.59669641,-2.898323155,-3.230196955,-3.540047208,Illumina Inc_20170801,-5.110164119,-4.851740857,-4.689120903,-4.205456546
AMZN,Amazon.com Inc.,2017,2,2,-4.030264999,-4.205373835,-4.492046555,-4.785250469,Amazon.com Inc._20170202,-4.757162412,-4.742804628,-4.787043104,-4.572631575
MRK,Merck & Co.,2017,10,27,-3.464311378,-3.779171372,-4.067373936,-4.225236305,Merck & Co._20171027,-6.031001047,-5.170154985,-5.335250548,-5.436810778
GIS,General Mills,2017,12,20,-5.171027164,-4.863871686,-4.845144464,-4.449196874,General Mills_20171220,-4.778550074,-4.881297757,-4.400695853,-4.261130712
CAT,Caterpillar Inc.,2017,10,24,-4.984903084,-5.115382275,-4.889632987,-4.664819074,Caterpillar Inc._20171024,-6.810893771,-5.460857226,-5.364973654,-5.051608884
PKI,PerkinElmer,2017,11,2,-4.43935249,-4.788988879,-4.84301543,-4.469640035,PerkinElmer_20171102,-4.848602605,-4.941562417,-4.865129935,-5.010652192
jci,Johnson Controls International,2017,7,27,-5.290151795,-4.41108728,-4.554143912,-4.48193578,Johnson Controls International_20170727,-4.630632426,-4.896635036,-4.918749018,-4.686607508
tel,TE Connectivity Ltd.,2017,7,26,-4.25688071,-4.454891066,-4.409504994,-4.564166672,TE Connectivity Ltd._20170726,-4.454995433,-4.631831394,-4.657129881,-4.724866469
NKTR,Nektar Therapeutics,2017,3,1,-2.643091518,-2.940559481,-2.206840663,-2.454333504,Nektar Therapeutics_20170301,-3.500605157,-3.785284014,-3.65313736,-3.575957118
MA,Mastercard Inc.,2017,1,31,-4.537175407,-4.931630019,-5.070720148,-4.98047984,Mastercard Inc._20170131,-5.303470497,-5.056033196,-5.276845722,-4.997872345
BR,Broadridge Financial Solutions,2017,5,10,-5.191764286,-4.803520648,-4.799647982,-4.714020015,Broadridge Financial Solutions_20170510,-5.801664277,-5.691084461,-5.216090081,-5.11356255
RTN,Raytheon Co.,2017,10,26,-5.29991372,-4.750292579,-4.771016096,-4.690169584,Raytheon Co._20171026,-8.100183184,-5.319114816,-5.397638821,-5.330623691
KHC,Kraft Heinz Co,2017,11,1,-4.93276279,-4.633837502,-4.729301645,-4.646653417,Kraft Heinz Co_20171101,-3.821462833,-4.239340261,-4.572842674,-4.668993958
NDAQ,"Nasdaq, Inc.",2017,1,31,-5.768403032,-5.438209421,-5.137630165,-5.117800306,"Nasdaq, Inc._20170131",-5.138611675,-5.216573411,-5.018159125,-4.996660978
HAS,Hasbro Inc.,2017,4,24,-6.037060547,-5.038057626,-4.973626186,-4.751577983,Hasbro Inc._20170424,-5.813629744,-5.388083386,-5.037898888,-4.918310446
ABC,AmerisourceBergen Corp,2017,1,31,-4.617535264,-5.018825871,-5.004935105,-4.788276552,AmerisourceBergen Corp_20170131,-4.038238694,-4.083348127,-4.016493623,-4.009089324
SNPS,Synopsys Inc.,2017,2,15,-3.491831807,-3.801566885,-4.021382638,-4.274431207,Synopsys Inc._20170215,-5.112209735,-5.121897376,-4.822108587,-4.857660629
TGT,Target Corp.,2017,11,15,-3.703399328,-3.717229875,-3.43725905,-3.724120619,Target Corp._20171115,-4.081830689,-4.043145817,-4.148875506,-4.17530243
AOS,A.O. Smith Corp,2017,7,26,-4.773735862,-4.731928876,-4.84864973,-4.817441154,A.O. Smith Corp_20170726,-5.676180565,-4.922002325,-4.802376694,-4.833179527
KSS,Kohl's Corp.,2017,11,9,-3.273687704,-3.611612527,-3.897260039,-3.930757575,Kohl's Corp._20171109,-3.662280004,-3.997913306,-3.947117439,-4.131106259
CSCO,Cisco Systems,2017,11,15,-3.842914979,-4.025899654,-4.203292346,-4.456027478,Cisco Systems_20171115,-6.236335937,-5.30972348,-4.924592813,-5.004238061
AXP,American Express Co,2017,4,19,-3.596539341,-3.802302379,-4.129919354,-4.340734142,American Express Co_20170419,-4.526276273,-4.925098226,-4.872088819,-4.965672258
HPE,Hewlett Packard Enterprise,2017,11,21,-3.20082201,-3.404165672,-3.727821076,-3.945885416,Hewlett Packard Enterprise_20171121,-4.564686648,-3.992571405,-4.192424419,-4.086958165
SYY,Sysco Corp.,2017,8,14,-4.936897263,-5.200120885,-4.926159907,-4.783386126,Sysco Corp._20170814,-4.396733797,-4.657752405,-4.804582664,-4.791528469
ADP,Automatic Data Processing,2017,2,1,-5.058713136,-5.203090769,-5.159339349,-4.996830996,Automatic Data Processing_20170201,-5.304509428,-5.004593155,-5.096746536,-4.994126678
VLO,Valero Energy,2017,1,31,-5.710898073,-4.620253325,-4.570744855,-4.443769902,Valero Energy_20170131,-4.48114829,-4.492099461,-4.660473778,-4.391844451
REGN,Regeneron,2017,11,8,-4.628997459,-4.1350376,-4.234307768,-4.190576099,Regeneron_20171108,-4.177798819,-4.368744594,-4.516427081,-4.283868091
MMC,Marsh & McLennan,2017,7,27,-4.526659893,-4.80497195,-4.909693705,-4.634981541,Marsh & McLennan_20170727,-5.624838723,-5.801356029,-5.171531334,-5.050213208
FITB,Fifth Third Bancorp,2017,1,24,-4.53526573,-4.561039255,-4.219872046,-4.172364044,Fifth Third Bancorp_20170124,-4.529252362,-3.909961561,-4.092646515,-4.232743785
GM,General Motors,2017,7,25,-5.183420707,-4.325528136,-4.489229644,-4.475794084,General Motors_20170725,-5.74056212,-4.983764983,-4.766874074,-4.888188786
KMI,Kinder Morgan,2017,4,19,-4.083517774,-4.348768451,-4.306025309,-4.311288034,Kinder Morgan_20170419,-5.311885647,-4.955601227,-4.680772782,-4.53314657
ALK,Alaska Air Group Inc,2017,2,8,-4.615385547,-4.621093677,-4.220514453,-4.168512457,Alaska Air Group Inc_20170208,-4.696426989,-4.821884358,-4.502857152,-4.232918263
CVX,Chevron Corp.,2017,7,28,-4.909420098,-4.861903453,-4.933085654,-4.846355462,Chevron Corp._20170728,-6.290355954,-4.857571601,-5.069868145,-4.746267216
IT,Gartner Inc,2017,5,4,-6.897365513,-5.488382156,-4.639194911,-4.794718821,Gartner Inc_20170504,-5.46912982,-5.561680002,-4.980739027,-4.962980133
jci,Johnson Controls International,2017,11,9,-4.162226635,-4.076281671,-4.04333237,-4.304539585,Johnson Controls International_20171109,-5.225152475,-4.754615587,-4.478399634,-4.559858535
REGN,Regeneron,2017,5,4,-4.584703316,-4.377420839,-4.253095463,-4.23118805,Regeneron_20170504,-5.788367189,-3.833426174,-4.000502499,-4.040981156
ALLE,Allegion,2017,4,27,-4.644496545,-4.752053948,-4.602809652,-4.615849331,Allegion_20170427,-5.683418879,-5.196198371,-4.977107162,-5.01996451
FL,Foot Locker Inc,2017,11,17,-6.417677705,-3.776180365,-3.587261719,-3.751809186,Foot Locker Inc_20171117,-4.453596177,-3.916284117,-3.805529146,-3.822798688
ADP,Automatic Data Processing,2017,7,27,-4.192532881,-4.149885981,-3.896017587,-4.127925367,Automatic Data Processing_20170727,-4.124418976,-4.431326433,-4.422147388,-4.528194225
GILD,Gilead Sciences,2017,5,2,-4.305021042,-4.599972836,-4.768736561,-4.828671902,Gilead Sciences_20170502,-5.344353262,-4.750464563,-4.942229351,-5.006007114
ipgp,IPG Photonics Corp.,2017,5,2,-5.069803257,-4.622259771,-4.166618665,-4.23628386,IPG Photonics Corp._20170502,-4.745338233,-4.340479962,-4.430015088,-4.435172795
GWW,Grainger (W.W.) Inc.,2017,4,18,-5.139217707,-4.813302886,-4.708009385,-4.584227981,Grainger (W.W.) Inc._20170418,-4.341889761,-4.645773574,-4.784640976,-4.756502972
ALK,Alaska Air Group Inc,2017,10,25,-3.530369342,-3.841181237,-3.854610505,-3.943311995,Alaska Air Group Inc_20171025,-4.585888397,-4.597639588,-4.612691529,-4.24692829
SIVB,SVB Financial,2017,4,27,-3.240844422,-3.537756652,-3.674368744,-3.821364133,SVB Financial_20170427,-5.400290461,-4.465507907,-4.126960277,-3.814695069
aes,AES Corp,2017,11,2,-4.018342818,-3.62633564,-3.973375772,-4.209326607,AES Corp_20171102,-5.560847732,-5.181080698,-4.955595412,-4.97697905
NWSA,News Corp. Class A,2017,5,9,-4.232701657,-4.237152117,-4.324356736,-4.477719111,News Corp. Class A_20170509,-5.481407941,-4.699816233,-4.333081302,-4.398293948
CRM,Salesforce.com,2017,8,22,-5.231933918,-5.180982592,-4.897578454,-4.750055596,Salesforce.com_20170822,-4.554430131,-4.483787083,-4.407184558,-4.557391969
WRK,WestRock,2017,1,24,-3.836439753,-4.213035716,-4.242440793,-4.183805447,WestRock_20170124,-4.405327235,-4.415667939,-4.54652485,-4.531615317
MSI,Motorola Solutions Inc.,2017,8,3,-5.268339241,-4.641095663,-4.85781251,-4.626048405,Motorola Solutions Inc._20170803,-4.380752133,-4.567543131,-4.788319892,-4.757977812
JNPR,Juniper Networks,2017,7,25,-3.589021943,-3.747506482,-3.958071689,-4.16557038,Juniper Networks_20170725,-5.294502148,-4.795995126,-4.451572904,-4.468767312
EL,Estee Lauder Cos.,2017,8,18,-4.924744373,-4.780630339,-4.984815933,-4.847402944,Estee Lauder Cos._20170818,-4.36648645,-3.991872577,-4.263781083,-4.537295018
SEE,Sealed Air,2017,2,9,-4.320302689,-4.633178539,-4.60021055,-4.516402715,Sealed Air_20170209,-4.87068044,-4.81870148,-4.774161636,-4.681083768
aee,Ameren Corp,2017,2,16,-5.634378332,-5.269574654,-5.121242418,-4.91278813,Ameren Corp_20170216,-5.518460548,-5.364389395,-4.764333349,-4.821622254
UNH,United Health Group Inc.,2017,10,17,-4.384968444,-4.700312741,-4.706994825,-4.624150283,United Health Group Inc._20171017,-5.049100584,-5.149754263,-4.890136067,-4.912761714
ILMN,Illumina Inc,2017,10,24,-3.93203716,-4.020654659,-4.141550858,-4.007638685,Illumina Inc_20171024,-4.57667624,-4.661265306,-4.7591768,-4.650727588
KR,Kroger Co.,2017,11,30,-3.488136276,-3.898233099,-4.002605605,-4.054176759,Kroger Co._20171130,-4.514288515,-4.077018806,-3.958019428,-4.151879032
VRSN,Verisign Inc.,2017,4,27,-5.734325988,-4.897063837,-4.617318732,-4.680545199,Verisign Inc._20170427,-5.176534099,-5.35827091,-5.21238946,-5.210777912
ANTM,Anthem Inc.,2017,2,1,-4.391627154,-4.347958013,-4.370696053,-4.543658844,Anthem Inc._20170201,-5.847581037,-4.674508747,-4.55321788,-4.56150074
ROK,Rockwell Automation Inc.,2017,7,26,-4.993262871,-4.917041953,-4.860911849,-4.741975866,Rockwell Automation Inc._20170726,-6.118823256,-5.050131848,-4.971812048,-4.738711934
EMR,Emerson Electric Company,2017,2,7,-5.407593616,-4.82926881,-4.659166356,-4.611094605,Emerson Electric Company_20170207,-5.542970627,-4.77011425,-4.466911656,-4.54772444
TXN,Texas Instruments,2017,1,24,-4.435609229,-4.201896808,-4.525585268,-4.701140281,Texas Instruments_20170124,-4.704890659,-4.857790359,-4.737452289,-4.768443102
EMR,Emerson Electric Company,2017,5,2,-4.330984905,-4.525694049,-4.544844435,-4.457176647,Emerson Electric Company_20170502,-5.410029045,-4.537525661,-4.513941072,-4.660841962
CLX,The Clorox Company,2017,5,3,-4.991235921,-5.198345959,-4.958662383,-5.027065275,The Clorox Company_20170503,-4.4995666,-4.43127856,-4.599588942,-4.875252284
AGN,"Allergan, Plc",2017,8,3,-4.449663135,-4.468112315,-4.649501381,-4.386078981,"Allergan, Plc_20170803",-5.76090786,-5.276865796,-5.020318964,-4.793495479
AMT,American Tower Corp A,2017,10,31,-4.352085881,-3.797606515,-4.069613418,-4.178975933,American Tower Corp A_20171031,-4.581528386,-4.551181192,-4.65650525,-4.575090347
LRCX,Lam Research,2017,4,18,-3.615573182,-3.847182598,-3.945295168,-4.073217622,Lam Research_20170418,-4.42544124,-4.622104102,-4.905210332,-4.632278488
DIS,The Walt Disney Company,2017,8,8,-3.993481162,-4.224473847,-4.384009731,-4.365762043,The Walt Disney Company_20170808,-4.831013611,-4.743820679,-4.524001569,-4.612768683
EL,Estee Lauder Cos.,2017,5,3,-5.18038981,-4.847923516,-4.818148779,-5.004173,Estee Lauder Cos._20170503,-5.908142221,-5.004453274,-5.004470539,-4.927259516
WY,Weyerhaeuser,2017,2,3,-4.02464609,-4.099956834,-4.347009642,-4.455858528,Weyerhaeuser_20170203,-4.906076864,-4.133547166,-4.323273928,-4.488411496
HUM,Humana Inc.,2017,8,2,-4.015226905,-4.140493121,-4.375767148,-4.590623997,Humana Inc._20170802,-5.479748184,-5.801733265,-5.455974451,-4.87465443
nbl,Noble Energy Inc,2017,8,3,-5.040372532,-5.181843764,-4.258463327,-4.15038799,Noble Energy Inc_20170803,-5.175565374,-4.133631858,-3.917438129,-3.964354147
ATVI,Activision Blizzard,2017,2,9,-2.296924989,-2.665044875,-3.000315314,-3.326277471,Activision Blizzard_20170209,-4.522454983,-4.491292833,-4.627210608,-4.594617466
KSU,Kansas City Southern,2017,10,20,-4.404299619,-4.254864582,-4.512403491,-4.350187616,Kansas City Southern_20171020,-4.894752558,-4.466344524,-4.387413226,-4.585826107
SYK,Stryker Corp.,2017,7,27,-4.356922711,-4.382981013,-4.534964831,-4.388465498,Stryker Corp._20170727,-5.50597881,-5.166172754,-4.644242272,-4.831596326
SYY,Sysco Corp.,2017,11,6,-3.784521929,-4.060235494,-4.329249399,-4.306889593,Sysco Corp._20171106,-5.037669761,-4.937557818,-5.120033047,-5.109317322
ADM,Archer-Daniels-Midland Co,2017,8,1,-4.6566004,-4.887212975,-4.591904708,-4.578407147,Archer-Daniels-Midland Co_20170801,-5.478804277,-5.026016991,-4.84002765,-4.668753
CELG,Celgene Corp.,2017,4,27,-6.805819126,-4.355644802,-4.494865418,-4.511612262,Celgene Corp._20170427,-4.72039349,-4.553233397,-4.800060515,-4.785777925
PWR,Quanta Services Inc.,2017,8,3,-4.463909931,-4.278917461,-4.304179826,-4.474744183,Quanta Services Inc._20170803,-4.484514493,-4.423153587,-4.29317323,-4.337769508
STX,Seagate Technology,2017,4,26,-5.412518573,-4.838195216,-4.211424059,-4.31124226,Seagate Technology_20170426,-4.290082704,-4.528404828,-4.406411827,-4.206914819
rmd,ResMed,2017,1,23,-2.981675595,-3.307052356,-3.679426399,-3.979595352,ResMed_20170123,-4.527319747,-4.448037923,-4.518708221,-4.682590559
CMCSA,Comcast Corp.,2017,4,27,-5.136774837,-4.459384649,-4.580701292,-4.572279478,Comcast Corp._20170427,-4.968639024,-5.082722954,-4.669643588,-4.868580107
MMM,3M Company,2017,7,25,-5.734983063,-5.270871728,-5.271148339,-5.117901036,3M Company_20170725,-5.651659743,-5.611190605,-5.296669793,-5.162476285
WBA,Walgreens Boots Alliance,2017,6,29,-5.559512906,-5.263923195,-4.978739023,-4.812328999,Walgreens Boots Alliance_20170629,-4.744029262,-4.447771619,-4.107317476,-4.214635894
tel,TE Connectivity Ltd.,2017,1,25,-6.664234914,-5.216574929,-5.266995588,-4.906597594,TE Connectivity Ltd._20170125,-5.313588256,-4.911479694,-4.710142466,-4.785674981
K,Kellogg Co.,2017,8,3,-4.729171889,-4.705587029,-4.65448578,-4.640885114,Kellogg Co._20170803,-5.225323742,-5.128829403,-5.187896076,-4.763742369
INCY,Incyte,2017,8,1,-3.987499974,-3.602989635,-3.809252798,-3.593096795,Incyte_20170801,-3.753969753,-3.650423963,-3.86917881,-3.675574966
GM,General Motors,2017,4,28,-4.172208708,-4.183325977,-4.295132608,-4.407207773,General Motors_20170428,-5.554277972,-5.046411286,-4.736356981,-4.378624348
WEC,Wec Energy Group Inc,2017,10,26,-5.157052524,-4.934266541,-4.79583453,-5.000681938,Wec Energy Group Inc_20171026,-7.753836991,-5.355521088,-5.260540088,-4.889213602
CLX,The Clorox Company,2017,11,1,-4.84419049,-4.761988229,-4.555061307,-4.689350435,The Clorox Company_20171101,-4.637482657,-4.874256018,-4.832216378,-4.515792562
CTSH,Cognizant Technology Solutions,2017,8,3,-4.057199223,-4.230170166,-4.386486607,-4.586308213,Cognizant Technology Solutions_20170803,-4.900265187,-5.217259358,-5.049554555,-4.917782576
SRCL,Stericycle Inc,2017,11,8,-3.846075562,-4.19272774,-4.244302746,-4.35810367,Stericycle Inc_20171108,-5.623483222,-4.606989708,-4.654977398,-4.62525281
MSFT,Microsoft Corp.,2017,4,27,-5.034703064,-5.178014865,-4.574067107,-4.578352964,Microsoft Corp._20170427,-4.885951351,-4.868383432,-5.026350302,-5.139972629
KO,Coca-Cola Company (The),2017,2,9,-4.895276779,-4.638171487,-4.948885668,-5.127728106,Coca-Cola Company (The)_20170209,-5.738815046,-5.406428026,-5.174056581,-5.219883803
IRM,Iron Mountain Incorporated,2017,2,23,-5.785991203,-5.538758026,-4.557925962,-4.603552997,Iron Mountain Incorporated_20170223,-4.38414952,-4.529309699,-4.782653175,-4.651378603
F,Ford Motor,2017,4,27,-3.927519817,-4.030769536,-4.336170625,-4.38604405,Ford Motor_20170427,-5.993976499,-4.593283358,-4.648868071,-4.353697726
Amgn,Amgen Inc.,2017,7,25,-4.003144216,-4.326005999,-4.433525476,-4.453502735,Amgen Inc._20170725,-6.257569281,-5.488514641,-5.080492903,-4.628833099
AXP,American Express Co,2017,10,18,-6.121133724,-4.687293703,-4.827805534,-4.815156864,American Express Co_20171018,-4.6249113,-5.011637915,-5.12398463,-4.995034599
GS,Goldman Sachs Group,2017,7,18,-5.673233638,-4.838788098,-4.594009606,-4.571840857,Goldman Sachs Group_20170718,-4.756709277,-5.030986393,-4.67400258,-4.582266757
ALGN,Align Technology,2017,1,31,-3.377267667,-3.652959492,-3.99440538,-4.192027266,Align Technology_20170131,-6.503056999,-4.414794426,-4.253345978,-4.346178859
nsc,Norfolk Southern Corp.,2017,4,26,-4.822990178,-5.142430086,-4.472358987,-4.353132872,Norfolk Southern Corp._20170426,-5.619120221,-4.521091428,-4.387328602,-4.356841198
KR,Kroger Co.,2017,9,8,-5.935573029,-4.305303161,-4.343582168,-4.22330616,Kroger Co._20170908,-5.572064884,-4.433319948,-3.696949632,-3.953180959
ALLE,Allegion,2017,2,9,-5.509598394,-4.753758983,-4.729731779,-4.850184839,Allegion_20170209,-5.196013497,-4.590256012,-4.467849122,-4.511683949
ATVI,Activision Blizzard,2017,5,4,-5.367162492,-4.751057795,-4.156059867,-4.140037921,Activision Blizzard_20170504,-5.243307779,-5.322653314,-4.920928221,-4.899789894
NI,NiSource Inc.,2017,5,3,-4.832139848,-4.852222082,-4.862855546,-4.823451098,NiSource Inc._20170503,-5.1815132,-4.997496163,-5.104042479,-5.102061691
YUM,Yum! Brands Inc,2017,2,9,-5.768802474,-5.111634612,-4.886729528,-5.062805602,Yum! Brands Inc_20170209,-7.170221576,-5.003897215,-4.980203554,-5.121014844
C,Citigroup Inc.,2017,1,18,-6.176884341,-4.423604467,-4.332603817,-4.333677126,Citigroup Inc._20170118,-4.459803291,-4.732416245,-4.468463391,-4.390233455
HPE,Hewlett Packard Enterprise,2017,9,5,-4.455739879,-3.907239513,-3.986213732,-4.172330277,Hewlett Packard Enterprise_20170905,-4.798858946,-4.714858094,-4.519348107,-4.498101099
MCD,McDonald's Corp.,2017,10,24,-5.47410402,-5.378877325,-4.889285586,-4.860659711,McDonald's Corp._20171024,-4.664130014,-4.847893906,-4.949120054,-4.545264353
VZ,Verizon Communications,2017,10,19,-4.943824802,-4.711041231,-4.484514449,-4.314355292,Verizon Communications_20171019,-7.258706134,-4.981709991,-5.118179624,-4.71720195
aon,Aon plc,2017,10,27,-4.732727539,-4.414222884,-4.486174686,-4.610069102,Aon plc_20171027,-5.722781399,-5.498132082,-5.526360254,-5.325472175
TSCO,Tractor Supply Company,2017,7,26,-3.16143887,-3.495247076,-3.634980989,-3.864051022,Tractor Supply Company_20170726,-3.713017564,-4.040512451,-3.974447719,-4.095984836
IRM,Iron Mountain Incorporated,2017,4,27,-5.078058873,-4.521494732,-4.732780035,-4.585441501,Iron Mountain Incorporated_20170427,-4.961161096,-4.624794719,-4.756263053,-4.720662091
PEP,PepsiCo Inc.,2017,10,4,-5.139386477,-5.357352996,-4.958112562,-4.880939626,PepsiCo Inc._20171004,-4.66860807,-4.8672589,-5.078524858,-5.084464217
UNH,United Health Group Inc.,2017,4,18,-5.039004687,-5.296668894,-5.130624986,-4.8730562,United Health Group Inc._20170418,-4.876235154,-5.203327527,-5.051087662,-4.981421251
sti,SunTrust Banks,2017,10,20,-4.693010597,-4.80110922,-4.516813391,-4.224809641,SunTrust Banks_20171020,-5.266657888,-5.17095671,-4.922236012,-4.717710761
BEN,Franklin Resources,2017,4,28,-5.473537665,-5.032923898,-4.587029356,-4.608296766,Franklin Resources_20170428,-5.115483587,-4.426435287,-4.389593615,-4.294779841
IVZ,Invesco Ltd.,2017,7,27,-4.71064808,-4.648367982,-4.384264177,-4.480100495,Invesco Ltd._20170727,-5.446480902,-5.261677334,-4.587362962,-4.655578499
BKNG,Booking Holdings Inc,2017,11,6,-2.628387247,-2.976640118,-3.332236856,-3.657646329,Booking Holdings Inc_20171106,-5.507186025,-4.41962358,-4.720941992,-4.75040889
IT,Gartner Inc,2017,11,2,-5.234228017,-4.869937609,-4.67979916,-4.597532735,Gartner Inc_20171102,-5.181681112,-4.879120733,-4.80716174,-4.942669681
CMS,CMS Energy,2017,10,26,-4.775982398,-4.976163683,-4.833840975,-4.974017466,CMS Energy_20171026,-5.156859149,-5.18382708,-5.177817301,-4.945495307
D,Dominion Energy,2017,8,2,-5.341875084,-5.593148796,-5.618631003,-5.024061016,Dominion Energy_20170802,-6.329891097,-5.453135196,-5.388704261,-5.226251712
VZ,Verizon Communications,2017,7,27,-5.691957718,-4.843727096,-4.812849554,-4.895992729,Verizon Communications_20170727,-4.672263077,-4.689523253,-4.814897768,-4.807362393
DOV,Dover Corp.,2017,4,20,-4.718934717,-4.576243573,-4.600000088,-4.525277851,Dover Corp._20170420,-4.487461428,-4.394625426,-4.58507148,-4.430335406
AME,AMETEK Inc.,2017,2,7,-5.74265734,-5.108683507,-4.648384816,-4.643243245,AMETEK Inc._20170207,-5.473321296,-5.165764738,-4.721655354,-4.685798153
LEN,Lennar Corp.,2017,10,3,-4.486151386,-4.729984844,-4.873700297,-4.174556565,Lennar Corp._20171003,-4.942275739,-4.946449916,-4.496569156,-4.44797844
AET,Aetna Inc,2017,10,31,-4.598189849,-4.354147455,-4.397941447,-4.532914307,Aetna Inc_20171031,-2.737732745,-3.116901187,-3.42655183,-3.685314843
ipg,Interpublic Group,2017,2,10,-4.382185585,-4.607127601,-4.644234647,-4.813411954,Interpublic Group_20170210,-4.033216133,-4.308556874,-4.471915971,-4.450840068
TWTR,"Twitter, Inc.",2017,2,9,-3.22249735,-3.536929857,-3.861097903,-3.982747126,"Twitter, Inc._20170209",-5.727346168,-3.883694826,-3.973691356,-4.155287496
ROST,Ross Stores,2017,11,16,-3.083177395,-3.328456343,-3.574197159,-3.85223103,Ross Stores_20171116,-5.083412039,-4.440433649,-4.672485388,-4.75069043
rmd,ResMed,2017,10,26,-3.278537264,-3.457755804,-3.811751911,-4.100281346,ResMed_20171026,-4.696891959,-4.914231014,-4.927212097,-4.682390458
INCY,Incyte,2017,2,14,-4.712151053,-3.538546202,-3.763602351,-3.678229226,Incyte_20170214,-5.308173081,-4.1273328,-3.984119173,-3.691020426
RF,Regions Financial Corp.,2017,10,24,-4.735439075,-4.740873307,-4.462894795,-4.376593218,Regions Financial Corp._20171024,-4.656282008,-4.656917396,-4.688894303,-4.658714003
APA,Apache Corporation,2017,11,2,-3.396260323,-3.475616837,-3.685882703,-3.723922828,Apache Corporation_20171102,-4.844470738,-4.255321321,-4.146989945,-3.916561774
GT,Goodyear Tire & Rubber,2017,4,28,-5.12500669,-4.874949236,-4.434659637,-4.012396188,Goodyear Tire & Rubber_20170428,-5.323799622,-4.386453255,-4.21901233,-4.367842932
IVZ,Invesco Ltd.,2017,10,26,-4.882593575,-4.668798383,-4.913633244,-4.647017097,Invesco Ltd._20171026,-4.824395231,-4.625665988,-4.904538574,-4.839868047
HD,Home Depot,2017,5,16,-4.925110976,-4.968970555,-5.05114186,-4.730829836,Home Depot_20170516,-4.892815436,-5.09819228,-5.021421786,-5.042559479
KSU,Kansas City Southern,2017,1,20,-3.776520367,-4.048732936,-4.342196108,-4.543706193,Kansas City Southern_20170120,-5.154474135,-4.792158953,-4.043684293,-4.210463139
ffiv,F5 Networks,2017,7,26,-3.237248518,-3.580699061,-3.877694915,-4.147302083,F5 Networks_20170726,-5.21080663,-4.768856702,-4.395950925,-4.568213578
ECL,Ecolab Inc.,2017,5,2,-6.56803914,-5.523466635,-5.500594546,-5.275017828,Ecolab Inc._20170502,-5.917953673,-5.562703263,-5.445302757,-5.48072391
PWR,Quanta Services Inc.,2017,2,21,-4.113126516,-3.996573695,-4.168470819,-4.287289091,Quanta Services Inc._20170221,-4.713583449,-4.664762443,-4.423399767,-4.023023637
CMA,Comerica Inc.,2017,4,18,-4.56338391,-4.480055282,-4.636247839,-4.29873352,Comerica Inc._20170418,-3.966096792,-4.270802486,-4.328711659,-4.208416688
ECL,Ecolab Inc.,2017,2,21,-4.336388209,-4.426938078,-4.724233134,-4.92526923,Ecolab Inc._20170221,-5.865113253,-5.879859636,-5.212479256,-5.068424398
cah,Cardinal Health Inc.,2017,5,1,-4.955800843,-5.066056578,-4.788825803,-4.81984393,Cardinal Health Inc._20170501,-4.846261552,-4.846324385,-3.531495298,-3.812316593
DRI,Darden Restaurants,2017,12,19,-4.530988427,-4.647377958,-4.628330262,-4.59554767,Darden Restaurants_20171219,-4.312532928,-4.647832074,-4.430297084,-4.483432892
PCG,PG&E Corp.,2017,7,27,-5.571387416,-5.409915276,-5.415523906,-5.48202265,PG&E Corp._20170727,-5.235594135,-5.154973444,-5.094634354,-4.937331782
xel,Xcel Energy Inc,2017,2,2,-6.729164377,-5.373303227,-5.194513792,-4.928398338,Xcel Energy Inc_20170202,-4.36246701,-4.753685636,-4.797469368,-4.877313197
kmx,Carmax Inc,2017,9,22,-4.276461584,-4.589145084,-4.825381644,-4.803296643,Carmax Inc_20170922,-7.530881592,-4.711477514,-4.689565269,-4.475500146
WRK,WestRock,2017,4,26,-4.457569804,-4.701900115,-4.341839671,-4.301797787,WestRock_20170426,-4.797444126,-4.258422381,-4.186719741,-4.160119431
XLNX,Xilinx,2017,4,26,-3.227163701,-3.571509254,-3.898693651,-4.001139466,Xilinx_20170426,-3.724842564,-4.086094669,-4.202898177,-4.393516129
alxn,Alexion Pharmaceuticals,2017,10,26,-3.350773053,-3.602637615,-3.84782383,-3.766266954,Alexion Pharmaceuticals_20171026,-3.923645585,-4.020982022,-4.153284472,-4.277492709
NUE,Nucor Corp.,2017,4,20,-4.457792835,-4.561844351,-4.422881611,-4.364946403,Nucor Corp._20170420,-6.670489907,-4.088195796,-4.3014983,-4.057569386
MU,Micron Technology,2017,9,26,-3.626708338,-3.464186123,-3.574961021,-3.710816907,Micron Technology_20170926,-4.102569011,-4.120953681,-4.131009356,-3.96622666
AVY,Avery Dennison Corp,2017,4,26,-5.537107232,-5.630529292,-4.950485424,-4.95405629,Avery Dennison Corp_20170426,-5.060660094,-5.159753514,-5.144474279,-5.065971222
RTN,Raytheon Co.,2017,4,27,-4.639112626,-4.921342889,-4.899340232,-4.956377634,Raytheon Co._20170427,-4.895597306,-5.175389885,-4.97575004,-4.813730275
NLSN,Nielsen Holdings,2017,7,27,-4.398638575,-4.286789052,-4.175362752,-4.340824285,Nielsen Holdings_20170727,-3.642575932,-3.993408294,-4.228025803,-4.262216262
sna,Snap-On Inc.,2017,7,20,-4.301958558,-4.111430859,-4.342629221,-4.305150809,Snap-On Inc._20170720,-4.222456966,-4.526184255,-4.534096189,-4.546642889
SNPS,Synopsys Inc.,2017,11,29,-3.542887258,-3.895643732,-4.106513103,-4.367948254,Synopsys Inc._20171129,-4.764884155,-4.964141766,-5.0365625,-5.013549488
ABBV,AbbVie Inc.,2017,10,27,-4.147383589,-4.299202474,-4.464489177,-4.617874315,AbbVie Inc._20171027,-4.317801699,-3.809043663,-4.113405164,-4.085869232
KO,Coca-Cola Company (The),2017,7,26,-5.225806767,-5.501549391,-5.523105197,-5.556467516,Coca-Cola Company (The)_20170726,-5.207359372,-5.517628307,-5.462874229,-5.341087492
ULTA,Ulta Beauty,2017,11,30,-3.366189298,-3.603739056,-3.880494815,-3.83572288,Ulta Beauty_20171130,-3.569757957,-3.689555356,-3.826284623,-3.988246757
CMCSA,Comcast Corp.,2017,7,27,-4.475820537,-4.607816712,-4.415840302,-4.140146334,Comcast Corp._20170727,-4.946703954,-5.20781103,-5.121990071,-4.550360864
PH,Parker-Hannifin,2017,2,2,-5.201020691,-4.787367579,-4.691338598,-4.688944645,Parker-Hannifin_20170202,-5.26777119,-4.239542215,-4.277394,-4.472644596
KLAC,KLA-Tencor Corp.,2017,7,27,-3.773138364,-3.65026869,-3.739932833,-3.955994043,KLA-Tencor Corp._20170727,-4.456116571,-4.421129021,-4.495039646,-4.068185339
GD,General Dynamics,2017,10,25,-4.584981237,-4.610284668,-4.729358288,-4.711173701,General Dynamics_20171025,-4.943709087,-5.039720637,-5.077719578,-4.943173005
DG,Dollar General,2017,12,7,-4.54158093,-4.46208767,-4.708704998,-4.535144073,Dollar General_20171207,-4.182492545,-4.382038773,-4.332221607,-4.320764891
ALGN,Align Technology,2017,4,27,-2.846309712,-2.967124934,-3.293644797,-3.59626925,Align Technology_20170427,-4.403342115,-4.666134145,-4.778083933,-4.665587817
MSFT,Microsoft Corp.,2017,1,26,-4.188018005,-4.391764235,-4.653639722,-4.80906323,Microsoft Corp._20170126,-5.877444388,-5.444144922,-5.242546017,-5.010616171
DHI,D. R. Horton,2017,1,24,-4.177953645,-4.232711478,-4.286295814,-4.380252166,D. R. Horton_20170124,-4.245642542,-4.6042314,-4.474524051,-4.351600545
WELL,Welltower Inc.,2017,5,5,-4.609375825,-4.612397932,-4.809646418,-4.969656827,Welltower Inc._20170505,-5.164401597,-5.0944348,-4.875098703,-4.899524211
DOV,Dover Corp.,2017,7,20,-4.990406353,-4.965499837,-4.653168537,-4.738727395,Dover Corp._20170720,-5.567942541,-4.984827465,-4.719137769,-4.304356241
HBI,Hanesbrands Inc,2017,5,2,-3.272881055,-3.475808128,-3.707787812,-3.881023671,Hanesbrands Inc_20170502,-4.042817459,-4.254402487,-4.376949083,-4.441710228
LMT,Lockheed Martin Corp.,2017,1,24,-4.54500971,-4.882527757,-5.063148894,-5.032426262,Lockheed Martin Corp._20170124,-5.24045955,-5.048761683,-5.048633314,-4.714871142
WU,Western Union Co,2017,5,2,-3.807928015,-4.080082951,-4.310324716,-4.362117084,Western Union Co_20170502,-5.215113831,-4.771510435,-4.923852183,-4.727023292
AVY,Avery Dennison Corp,2017,10,25,-4.788233025,-4.934281566,-4.542704378,-4.564288065,Avery Dennison Corp_20171025,-4.998973626,-4.822442681,-4.919345682,-4.829385081
FL,Foot Locker Inc,2017,5,19,-4.200307859,-4.558666911,-4.125804118,-4.062132217,Foot Locker Inc_20170519,-5.192347182,-4.606229074,-4.569354776,-4.302997514
STX,Seagate Technology,2017,1,24,-2.879251011,-3.068005239,-3.347606116,-3.607334081,Seagate Technology_20170124,-4.433469837,-4.640522185,-4.251542471,-4.120073227
PNW,Pinnacle West Capital,2017,8,3,-5.185129131,-5.216792061,-5.322547263,-5.061798583,Pinnacle West Capital_20170803,-6.07667423,-5.412880621,-5.314999429,-5.12266323
NCLH,Norwegian Cruise Line,2017,2,22,-4.220156867,-4.448236713,-4.47369335,-4.529127689,Norwegian Cruise Line_20170222,-4.982815439,-5.239319362,-4.665927392,-4.413390941
BKNG,Booking Holdings Inc,2017,5,9,-3.874741946,-4.083089884,-4.264205953,-4.319912946,Booking Holdings Inc_20170509,-4.670529118,-4.924718888,-4.687771813,-4.752233854
KLAC,KLA-Tencor Corp.,2017,4,27,-3.57288702,-3.892972333,-4.121823718,-4.057525903,KLA-Tencor Corp._20170427,-4.278333481,-4.214686808,-4.458576938,-4.680971797
LYB,LyondellBasell,2017,2,3,-4.387867074,-4.455130517,-4.592789041,-4.475462668,LyondellBasell_20170203,-4.200151792,-4.404648289,-4.242871527,-4.393311271
SRE,Sempra Energy,2017,5,9,-6.218102067,-5.336758525,-5.181183704,-5.002406313,Sempra Energy_20170509,-5.548767555,-5.206756161,-5.184657986,-5.136976762
BDX,Becton Dickinson,2017,11,2,-5.353482897,-4.524543308,-4.493194415,-4.540832959,Becton Dickinson_20171102,-5.854989439,-5.992716578,-4.818948749,-4.846952375
dgx,Quest Diagnostics,2017,4,20,-4.61295913,-4.891085522,-5.169315798,-5.004687504,Quest Diagnostics_20170420,-4.939140067,-5.076831961,-5.333638047,-5.312754975
CMS,CMS Energy,2017,5,1,-6.341932799,-5.090317623,-5.147130427,-5.137774872,CMS Energy_20170501,-5.933386775,-5.296311093,-5.126360913,-5.070977293
TWTR,"Twitter, Inc.",2017,4,26,-3.468035989,-3.664898681,-3.521810099,-3.740955673,"Twitter, Inc._20170426",-5.57468096,-5.503522634,-4.970646092,-4.461692694
ADS,Alliance Data Systems,2017,1,26,-4.465997627,-4.32940393,-4.597905863,-4.605126169,Alliance Data Systems_20170126,-5.009149084,-4.412956202,-4.468749681,-4.507279836
AMT,American Tower Corp A,2017,2,27,-4.700131631,-4.68917475,-4.910170117,-5.067036986,American Tower Corp A_20170227,-5.302144128,-4.713459048,-4.564169282,-4.676670149
IP,International Paper,2017,2,2,-4.194664842,-4.152481545,-4.289480665,-4.363963441,International Paper_20170202,-5.996889934,-4.03577891,-4.253669541,-4.489376827
COTY,"Coty, Inc",2017,8,22,-3.62637001,-3.656058673,-3.90584402,-4.051671773,"Coty, Inc_20170822",-4.027812602,-4.348592187,-4.412362553,-4.432831256
CA,"CA, Inc.",2017,8,2,-4.418047849,-4.282595188,-4.467910192,-4.723064236,"CA, Inc._20170802",-5.365974579,-3.29400333,-3.618985115,-3.441399908
ILMN,Illumina Inc,2017,1,31,-5.075389325,-5.440087641,-5.039682455,-4.54966798,Illumina Inc_20170131,-5.005349058,-5.089326758,-3.156734569,-3.393536742
LMT,Lockheed Martin Corp.,2017,4,25,-5.527455261,-5.631529322,-5.413463295,-4.976869957,Lockheed Martin Corp._20170425,-5.876603944,-5.275543203,-5.089826673,-4.9991757
ALGN,Align Technology,2017,7,27,-2.889672191,-3.233803056,-3.416330866,-3.697999165,Align Technology_20170727,-4.370296543,-4.438182751,-4.541387123,-4.289549616
AET,Aetna Inc,2017,5,2,-5.730776053,-5.908937258,-4.837252473,-4.839614596,Aetna Inc_20170502,-5.245521976,-5.072564628,-4.928522926,-4.819738692
BEN,Franklin Resources,2017,1,27,-4.965430798,-4.975456704,-4.630412007,-4.723119352,Franklin Resources_20170127,-3.876142846,-4.175395652,-4.377528075,-4.414760686
UPS,United Parcel Service,2017,7,27,-4.878247077,-5.090284158,-4.781843376,-4.966113793,United Parcel Service_20170727,-4.869491911,-5.021385277,-4.973928288,-5.005352876
FLT,FleetCor Technologies Inc,2017,8,3,-3.732689636,-3.808426988,-4.07996946,-4.284728777,FleetCor Technologies Inc_20170803,-5.013165184,-4.525626561,-4.5964797,-4.550801342
NUE,Nucor Corp.,2017,10,19,-4.314338884,-4.291568158,-4.42121054,-4.550179208,Nucor Corp._20171019,-4.668858315,-4.159142513,-4.397129366,-4.328456168
WY,Weyerhaeuser,2017,4,28,-4.958412982,-4.809653737,-4.916182642,-4.828332738,Weyerhaeuser_20170428,-4.089882903,-4.372849165,-4.53230343,-4.654295941
XRX,Xerox,2017,4,25,-5.243646037,-4.522853716,-4.560200876,-4.486727082,Xerox_20170425,-4.488611218,-4.675320343,-4.893446349,-4.529870165
USB,U.S. Bancorp,2017,4,19,-4.493376058,-4.4356719,-4.615245115,-4.602663755,U.S. Bancorp_20170419,-4.416073349,-4.77714895,-4.770041872,-4.838251511
CMI,Cummins Inc.,2017,8,1,-4.976316505,-4.580626429,-4.681798349,-4.726692888,Cummins Inc._20170801,-5.517478579,-5.079050883,-5.245545348,-4.818960964
ROST,Ross Stores,2017,5,18,-4.566013033,-4.721106012,-4.540045214,-4.283211911,Ross Stores_20170518,-4.853503363,-4.302110769,-4.469276654,-4.578307703
NWL,Newell Brands,2017,2,6,-4.552973449,-4.566054405,-4.262065696,-4.39246232,Newell Brands_20170206,-4.453200895,-4.365852328,-4.286434889,-4.377830826
jci,Johnson Controls International,2017,2,1,-4.923757654,-4.413570617,-4.519248645,-4.526804527,Johnson Controls International_20170201,-4.882303337,-4.806949266,-4.638676343,-4.522018709
TXN,Texas Instruments,2017,4,25,-4.643693328,-4.701135814,-4.753582036,-4.482666508,Texas Instruments_20170425,-4.309543531,-4.494759711,-4.656260409,-4.730145245
GM,General Motors,2017,2,7,-6.333238097,-4.068627755,-4.213350697,-4.264488981,General Motors_20170207,-4.373199057,-4.295275939,-4.224195463,-4.043327531
RCL,Royal Caribbean Cruises Ltd,2017,8,1,-4.61419692,-4.140013144,-4.277052083,-4.196820616,Royal Caribbean Cruises Ltd_20170801,-5.386546852,-5.262840219,-4.620574502,-4.438279726
ANTM,Anthem Inc.,2017,4,26,-5.292900864,-5.097928323,-4.57417203,-4.621810393,Anthem Inc._20170426,-4.503779624,-4.748508996,-4.809722093,-4.658700696
AME,AMETEK Inc.,2017,8,2,-5.658199752,-5.328148598,-5.1220634,-5.201851718,AMETEK Inc._20170802,-5.666552976,-5.379747187,-5.190963359,-4.912129351
HSY,The Hershey Company,2017,10,26,-5.74259299,-4.668439584,-4.428431428,-4.609998908,The Hershey Company_20171026,-5.510347559,-5.639020655,-5.197556691,-5.01771501
HSY,The Hershey Company,2017,2,3,-5.864121295,-5.328750791,-5.062905766,-5.196105645,The Hershey Company_20170203,-5.647603748,-5.610584899,-5.393842823,-5.126417354
GPS,Gap Inc.,2017,2,23,-3.936889846,-3.809433135,-4.041889873,-3.916465994,Gap Inc._20170223,-4.37002,-3.966617589,-4.04158114,-3.987693893
ADM,Archer-Daniels-Midland Co,2017,2,7,-4.262413002,-4.435028245,-4.363433579,-4.460646821,Archer-Daniels-Midland Co_20170207,-6.107461185,-5.19745852,-4.634700311,-4.599822412
ffiv,F5 Networks,2017,4,26,-3.263344094,-3.541643659,-3.792146208,-4.014658167,F5 Networks_20170426,-5.254100144,-5.198247306,-4.924865516,-4.650557799
HPQ,HP Inc.,2017,2,22,-3.216730815,-3.420894907,-3.78318113,-4.021819796,HP Inc._20170222,-5.08260366,-4.800866064,-4.913011576,-4.409895016
ULTA,Ulta Beauty,2017,3,9,-3.780219529,-4.037487462,-4.28467919,-4.51970542,Ulta Beauty_20170309,-4.054497219,-4.369529251,-4.598595812,-4.751923506
INTU,Intuit Inc.,2017,2,23,-3.388605601,-3.752121789,-4.089379511,-4.30499063,Intuit Inc._20170223,-5.617009457,-5.696506461,-5.208465061,-5.088264231
HES,Hess Corporation,2017,10,25,-3.442180754,-3.819841084,-3.631080292,-3.752565065,Hess Corporation_20171025,-4.346187724,-4.231990177,-4.382323032,-4.318129474
HES,Hess Corporation,2017,1,25,-4.896875672,-4.465382143,-4.326724231,-4.191843733,Hess Corporation_20170125,-4.670182548,-4.632595196,-4.163448219,-4.173269794
INTC,Intel Corp.,2017,4,27,-3.808980531,-4.187467755,-4.408358684,-4.583193767,Intel Corp._20170427,-5.408591484,-5.714321976,-5.130047846,-5.187280799
rl,Polo Ralph Lauren Corp.,2017,2,2,-5.2384274,-4.529806411,-4.750304981,-4.716209817,Polo Ralph Lauren Corp._20170202,-4.928861919,-4.429015487,-4.26636704,-4.398368947
MSI,Motorola Solutions Inc.,2017,11,2,-3.565991491,-3.918348005,-4.231495297,-4.304455916,Motorola Solutions Inc._20171102,-5.342757383,-5.231550198,-5.317135797,-4.662146564
TSCO,Tractor Supply Company,2017,10,25,-3.929197599,-4.029092969,-4.106397359,-4.0661273,Tractor Supply Company_20171025,-5.037400012,-5.107008218,-4.587892264,-4.469268385
nsc,Norfolk Southern Corp.,2017,10,25,-4.022524406,-4.18941279,-4.490852895,-4.208948433,Norfolk Southern Corp._20171025,-4.540571486,-4.608707866,-4.605988535,-4.715990965
jci,Johnson Controls International,2017,4,27,-5.120392598,-4.925088684,-4.715548651,-4.647729774,Johnson Controls International_20170427,-4.614734926,-4.900086588,-4.825221449,-4.565435798
FLIR,FLIR Systems,2017,10,25,-4.074012431,-4.457551345,-4.664476741,-4.694842304,FLIR Systems_20171025,-5.596982135,-5.102170191,-4.876893971,-4.351820454
ECL,Ecolab Inc.,2017,10,31,-6.179293141,-5.529083664,-5.13548804,-5.06920168,Ecolab Inc._20171031,-5.533684169,-5.335060429,-5.116023437,-5.111582624
WM,Waste Management Inc.,2017,7,26,-4.824801416,-5.193298436,-5.22340516,-5.15950801,Waste Management Inc._20170726,-5.351253338,-5.737849757,-5.597171797,-5.481690214
TSCO,Tractor Supply Company,2017,2,1,-4.567838833,-4.849939284,-4.405886724,-4.548747848,Tractor Supply Company_20170201,-5.22143877,-5.175630172,-4.636586635,-4.640386606
INCY,Incyte,2017,5,4,-3.788181764,-3.981745473,-3.718337233,-3.7359408,Incyte_20170504,-7.101638147,-5.16689105,-3.583813567,-3.726016545
DIS,The Walt Disney Company,2017,2,7,-5.895673837,-5.786126344,-5.539606478,-5.441773589,The Walt Disney Company_20170207,-6.372108015,-4.815349384,-5.033208151,-4.844813451
CTL,CenturyLink Inc,2017,11,8,-3.877099283,-3.564084679,-3.601264291,-3.416443616,CenturyLink Inc_20171108,-3.409726536,-3.177128951,-3.419596527,-3.617254825
CI,CIGNA Corp.,2017,2,2,-4.58791531,-4.691550532,-4.617088681,-4.650254013,CIGNA Corp._20170202,-4.940844995,-4.741439736,-4.522981593,-4.434936233
LMT,Lockheed Martin Corp.,2017,7,18,-4.87148971,-5.122144434,-5.275526971,-4.926755368,Lockheed Martin Corp._20170718,-6.419559807,-5.331539837,-4.998729405,-5.116170157
hca,HCA Holdings,2017,5,2,-4.364335912,-4.49283937,-4.552256119,-4.611222098,HCA Holdings_20170502,-5.160210592,-4.887519298,-4.817924885,-4.25770409
PCAR,PACCAR Inc.,2017,10,24,-4.296919131,-4.176014022,-4.409087607,-4.237477696,PACCAR Inc._20171024,-4.691367081,-4.827029264,-4.737172596,-4.855033474
AVY,Avery Dennison Corp,2017,7,25,-4.948486147,-4.947823043,-4.954174609,-4.859973342,Avery Dennison Corp_20170725,-6.848326224,-5.276974649,-5.035566722,-5.080061054
MMM,3M Company,2017,4,25,-5.747111588,-5.255720827,-5.330940372,-5.130158765,3M Company_20170425,-5.275380349,-5.041971541,-5.280357477,-5.338642738
shw,Sherwin-Williams,2017,4,20,-5.539916757,-4.947951285,-4.991502666,-4.745519135,Sherwin-Williams_20170420,-5.709228206,-5.022539252,-5.226034303,-5.147321374
COTY,"Coty, Inc",2017,11,9,-3.741008547,-4.110463088,-4.362606002,-4.205928308,"Coty, Inc_20171109",-4.527387579,-3.666283281,-3.949743383,-4.014287801
NKTR,Nektar Therapeutics,2017,11,7,-3.101831735,-3.186935941,-3.111790417,-3.080552942,Nektar Therapeutics_20171107,-4.993809502,-4.06721092,-4.047729276,-3.925528963
pnr,Pentair plc,2017,7,25,-4.516148034,-4.798452404,-4.779126997,-4.72735222,Pentair plc_20170725,-5.318825212,-5.225855116,-4.78557151,-4.697597168
HOLx,Hologic,2017,8,2,-3.334019516,-3.477735374,-3.773622737,-3.964851126,Hologic_20170802,-5.544563547,-5.108778945,-4.802603218,-4.717690851
CPB,Campbell Soup,2017,5,19,-4.497808313,-4.283072052,-4.53231292,-4.522342486,Campbell Soup_20170519,-5.116242393,-5.118521073,-4.973965229,-4.952932358
HOLx,Hologic,2017,11,8,-3.690800799,-3.875111226,-3.976914934,-4.102959622,Hologic_20171108,-4.055779639,-4.391554289,-4.662105758,-4.521815348
NLSN,Nielsen Holdings,2017,10,25,-3.985010779,-4.055092031,-4.221001576,-4.137436926,Nielsen Holdings_20171025,-4.733809303,-4.07721082,-4.276621993,-4.523690047
INTC,Intel Corp.,2017,7,27,-4.755891376,-4.768016357,-4.55125252,-4.715457341,Intel Corp._20170727,-5.309545583,-5.586580587,-4.814268817,-4.565846412
MSFT,Microsoft Corp.,2017,7,20,-5.132861068,-5.191955789,-5.120905711,-4.819495562,Microsoft Corp._20170720,-5.529295131,-5.124485602,-4.631003361,-4.525862142
NTAP,NetApp,2017,2,15,-3.848690346,-4.213005923,-4.214105165,-4.415408644,NetApp_20170215,-6.060519218,-5.463262245,-5.143838612,-4.696066776
MO,Altria Group Inc,2017,5,2,-4.95016672,-5.237366629,-5.136902952,-5.116433021,Altria Group Inc_20170502,-4.900560141,-4.697452584,-4.783194362,-4.862851441
EQT,EQT Corporation,2017,7,27,-4.113900888,-4.355492473,-4.309643688,-4.40820736,EQT Corporation_20170727,-4.922250346,-4.324182528,-4.441758034,-3.639524943
BAX,Baxter International Inc.,2017,4,26,-5.694286359,-5.940059063,-5.064594156,-5.063863801,Baxter International Inc._20170426,-5.046993533,-5.192516502,-5.292003253,-5.132367618
CAT,Caterpillar Inc.,2017,4,25,-4.72314847,-4.757867107,-4.677071245,-4.639544816,Caterpillar Inc._20170425,-4.33694315,-4.190638478,-4.243858386,-4.295850286
ORCL,Oracle Corp.,2017,6,21,-3.263922779,-3.474185812,-3.775368621,-4.066560452,Oracle Corp._20170621,-5.332854201,-5.041867593,-5.070200441,-4.974985542
MYL,Mylan N.V.,2017,5,10,-3.927407107,-4.155286513,-4.200427101,-4.12901417,Mylan N.V._20170510,-4.36948611,-4.079617049,-4.251237887,-4.27997989
ADS,Alliance Data Systems,2017,4,20,-5.237050156,-4.066495823,-4.224719394,-4.197919552,Alliance Data Systems_20170420,-4.901140925,-4.079693628,-4.306613041,-4.525382017
dgx,Quest Diagnostics,2017,7,25,-5.879555748,-5.19489184,-5.296152912,-5.110835695,Quest Diagnostics_20170725,-6.588114342,-5.848542915,-5.279134161,-5.102491239
T,AT&T Inc.,2017,4,25,-4.516174458,-4.744674604,-4.72181917,-4.776403456,AT&T Inc._20170425,-5.083062492,-5.37481193,-5.35823357,-5.250722128
XEC,Cimarex Energy,2017,5,10,-5.205996379,-4.747139919,-4.581140231,-4.240542877,Cimarex Energy_20170510,-3.664310909,-3.83201817,-4.037535101,-4.151868293
KMB,Kimberly-Clark,2017,4,24,-4.144916922,-4.367346774,-4.613951275,-4.823111132,Kimberly-Clark_20170424,-5.568339945,-4.953961567,-5.12953192,-5.194259503
ftv,Fortive Corp,2017,2,7,-5.259355184,-5.05935784,-4.838445941,-4.852969741,Fortive Corp_20170207,-4.859548745,-4.963223926,-4.91007028,-4.897900441
CPB,Campbell Soup,2017,2,17,-5.50869683,-5.613476261,-5.378004562,-4.857753693,Campbell Soup_20170217,-4.756540358,-4.871622077,-4.921967325,-4.887545683
LEN,Lennar Corp.,2017,6,20,-5.472605502,-4.63059942,-4.290849407,-4.483660711,Lennar Corp._20170620,-5.174934016,-4.5494968,-4.695571331,-4.537260345
ABC,AmerisourceBergen Corp,2017,5,4,-4.818838637,-5.001805963,-4.337772878,-4.478192031,AmerisourceBergen Corp_20170504,-6.135962416,-5.414394669,-4.322143158,-4.467610119
mat,Mattel Inc.,2017,7,27,-3.211797965,-3.549739621,-3.875476297,-4.010478813,Mattel Inc._20170727,-3.842164492,-3.984874779,-4.264391286,-3.971252626
chd,Church & Dwight,2017,8,3,-4.59068506,-4.504276089,-4.688542141,-4.764173086,Church & Dwight_20170803,-5.738286872,-5.024099185,-4.856849615,-4.977221465
XRX,Xerox,2017,8,1,-4.820665771,-4.479630178,-4.494480086,-4.547845436,Xerox_20170801,-5.246175107,-4.134847224,-4.478269312,-4.405180667
ABT,Abbott Laboratories,2017,10,18,-5.431576479,-5.174059968,-4.733178444,-4.763179341,Abbott Laboratories_20171018,-5.505060502,-4.621948813,-4.50584847,-4.626019984
HAS,Hasbro Inc.,2017,2,6,-5.482691327,-4.986755272,-4.808408824,-4.85300703,Hasbro Inc._20170206,-5.612041605,-3.733887799,-3.982363457,-4.114455872
ORCL,Oracle Corp.,2017,9,14,-3.417833273,-3.642348099,-3.92547825,-4.198358621,Oracle Corp._20170914,-4.934560561,-4.980936844,-5.155065986,-4.811748768
BLL,Ball Corp,2017,8,3,-4.848125169,-4.536602516,-4.62691117,-4.725425439,Ball Corp_20170803,-6.23517875,-5.692152153,-5.163553087,-5.000453538
AMD,Advanced Micro Devices Inc,2017,5,1,-2.205899665,-2.395245935,-2.543124784,-2.821146102,Advanced Micro Devices Inc_20170501,-4.134353317,-4.078114148,-3.822194688,-3.621520956
KHC,Kraft Heinz Co,2017,5,3,-5.638392147,-5.769937086,-5.291531244,-5.048971763,Kraft Heinz Co_20170503,-6.022340467,-4.91335493,-4.911258329,-5.169771317
CBS,CBS Corp.,2017,11,2,-4.970475639,-4.055151009,-4.288217353,-4.030363521,CBS Corp._20171102,-5.193843938,-4.940920533,-4.583559071,-4.358033258
VAR,Varian Medical Systems,2017,10,25,-3.782073292,-4.008459856,-4.295314721,-4.42775589,Varian Medical Systems_20171025,-5.45072163,-5.290237013,-4.756737721,-4.587198566
SLB,Schlumberger Ltd.,2017,7,21,-5.364400787,-5.318356618,-4.657658716,-4.795734519,Schlumberger Ltd._20170721,-4.357117729,-4.621828467,-4.601177105,-4.4946542
PPL,PPL Corp.,2017,2,1,-5.021425077,-5.149969983,-5.140842588,-5.096509361,PPL Corp._20170201,-4.939840652,-5.113034484,-4.993369626,-4.981690399
IT,Gartner Inc,2017,2,2,-5.435648231,-5.079561407,-4.975889909,-4.668762681,Gartner Inc_20170202,-6.774471721,-5.205210653,-4.537076834,-3.701717677
AMZN,Amazon.com Inc.,2017,4,27,-4.506622542,-4.510450404,-4.486190673,-4.521287276,Amazon.com Inc._20170427,-5.467466165,-5.386534594,-4.746573477,-4.724931206
FL,Foot Locker Inc,2017,2,24,-4.924072156,-4.975986543,-4.742486452,-4.462065517,Foot Locker Inc_20170224,-4.109884003,-4.345956244,-4.310116549,-4.525602497
STX,Seagate Technology,2017,10,23,-4.8457969,-4.352273234,-4.190275659,-4.132572603,Seagate Technology_20171023,-5.083179761,-4.467060079,-4.426527307,-4.172274353
CVX,Chevron Corp.,2017,1,27,-5.044576269,-4.566945652,-4.701751776,-4.641041035,Chevron Corp._20170127,-5.028074547,-5.275019067,-5.239450521,-5.236239201
RHI.F,Red Hat Inc.,2017,3,27,-3.667898,-3.835789926,-4.167986152,-4.372978792,Red Hat Inc._20170327,-3.97530222,-4.376653058,-4.704015717,-4.630650827
ROST,Ross Stores,2017,8,17,-2.992289066,-3.255652051,-3.58209945,-3.849786711,Ross Stores_20170817,-3.735848473,-3.952716634,-4.142401603,-4.27813331
LKQ,LKQ Corporation,2017,4,27,-5.982983803,-4.928765685,-5.064861156,-4.76611015,LKQ Corporation_20170427,-6.645013914,-5.24257714,-4.613365663,-4.636283495
xel,Xcel Energy Inc,2017,7,27,-4.954115905,-5.135744454,-5.130715768,-5.331612295,Xcel Energy Inc_20170727,-4.631935546,-4.865545199,-5.101521213,-5.067914524
ipg,Interpublic Group,2017,4,21,-4.748463212,-4.488851634,-4.618387347,-4.670234781,Interpublic Group_20170421,-5.065909888,-4.726741353,-4.864443122,-4.852266164
KMB,Kimberly-Clark,2017,7,25,-4.153771282,-4.451056418,-4.738740554,-4.807119162,Kimberly-Clark_20170725,-4.601575463,-4.945400781,-4.915125425,-4.771048176
DISH,Dish Network,2017,8,3,-6.390226628,-4.620697003,-4.55579822,-4.360428361,Dish Network_20170803,-3.984137651,-4.386457011,-4.538060972,-4.536119238
DLR,Digital Realty Trust Inc,2017,4,27,-4.491911912,-4.523993704,-4.731803748,-4.612917227,Digital Realty Trust Inc_20170427,-5.434105885,-5.068595326,-5.01399665,-4.799968951
AMD,Advanced Micro Devices Inc,2017,10,24,-2.9136696,-3.030630678,-3.073102774,-3.317738702,Advanced Micro Devices Inc_20171024,-4.248327104,-4.599868627,-4.050871629,-3.835576362
ABC,AmerisourceBergen Corp,2017,11,2,-4.629432581,-4.895218299,-4.175271603,-4.208263141,AmerisourceBergen Corp_20171102,-5.355028179,-4.060209749,-4.125704381,-4.089073534
PLD,Prologis,2017,7,18,-4.984151256,-4.470466904,-4.649100625,-4.557794854,Prologis_20170718,-5.124090729,-4.78978264,-4.613943618,-4.646006462
BDX,Becton Dickinson,2017,8,3,-5.171728323,-5.000326646,-4.914905552,-4.718482676,Becton Dickinson_20170803,-7.111280146,-5.788631937,-5.135090704,-5.040143387
dva,DaVita Inc.,2017,5,2,-3.785323938,-3.889128935,-3.801006756,-3.969810975,DaVita Inc._20170502,-6.427547721,-5.245300565,-4.944774534,-4.80740627
rl,Polo Ralph Lauren Corp.,2017,11,2,-4.628310782,-4.114094197,-4.24396078,-3.977545293,Polo Ralph Lauren Corp._20171102,-4.235019482,-4.378190946,-4.180290545,-4.355792534
COO,The Cooper Companies,2017,8,31,-3.418713524,-3.632788501,-3.692463995,-3.935447359,The Cooper Companies_20170831,-5.3827108,-5.163829295,-5.039274504,-4.902038592
HOLx,Hologic,2017,2,1,-4.161926158,-4.144269381,-4.31073183,-4.471716095,Hologic_20170201,-4.624431172,-4.591518551,-4.680916111,-4.873758616
AXP,American Express Co,2017,7,19,-5.394485185,-4.754548986,-5.052000082,-4.924602353,American Express Co_20170719,-6.175964924,-5.619050664,-5.091869931,-5.209539299
DIS,The Walt Disney Company,2017,5,9,-4.582780748,-4.762163203,-4.787497354,-4.781985452,The Walt Disney Company_20170509,-5.177250751,-4.741022342,-4.773386276,-5.030608814
VLO,Valero Energy,2017,7,27,-3.897926106,-4.281359305,-4.352372192,-4.40256851,Valero Energy_20170727,-4.894657886,-5.040379359,-4.733537711,-4.509940251
EBAY,eBay Inc.,2017,4,19,-4.19008229,-4.00039251,-4.29046713,-4.296584031,eBay Inc._20170419,-4.970138274,-5.020496473,-4.997659619,-4.889900168
hal,Halliburton Co.,2017,10,23,-4.658879419,-4.242730772,-4.166470497,-4.161117883,Halliburton Co._20171023,-5.202546486,-5.10257763,-4.872980936,-4.631469431
CELG,Celgene Corp.,2017,10,26,-3.951315696,-4.018258987,-4.095812836,-4.216517181,Celgene Corp._20171026,-4.571950698,-3.269315766,-3.557596751,-3.80903789
ADM,Archer-Daniels-Midland Co,2017,10,31,-6.140239066,-4.890786956,-4.888785715,-4.478295317,Archer-Daniels-Midland Co_20171031,-5.36302234,-5.242725307,-5.033849394,-5.027426247
CBS,CBS Corp.,2017,8,7,-4.595381263,-4.732427191,-4.620340236,-4.191043853,CBS Corp._20170807,-4.701950221,-4.333733516,-4.440125757,-4.387798225
CSCO,Cisco Systems,2017,2,15,-4.818169008,-4.752045715,-4.915128907,-5.052300059,Cisco Systems_20170215,-5.112748532,-5.03507821,-4.853177871,-4.995422527
AKAM,Akamai Technologies Inc,2017,5,2,-2.653000218,-2.943569941,-3.239604622,-3.484017062,Akamai Technologies Inc_20170502,-3.648263784,-3.980687251,-4.320366226,-4.146263419
CAT,Caterpillar Inc.,2017,1,26,-4.067328397,-4.453204024,-4.30987892,-4.142744162,Caterpillar Inc._20170126,-4.632950525,-4.586017391,-4.650541648,-4.529943015
VTR,Ventas Inc,2017,10,27,-4.797219563,-5.043175534,-5.082282769,-4.778736661,Ventas Inc_20171027,-6.017046793,-5.518040975,-5.529554251,-4.98931089
DISH,Dish Network,2017,5,1,-3.87254304,-3.934523441,-4.221955466,-4.309426085,Dish Network_20170501,-4.230056181,-4.207489698,-3.790179021,-4.072423483
VMC,Vulcan Materials,2017,8,2,-4.156023527,-4.323488919,-4.274785742,-4.061795573,Vulcan Materials_20170802,-4.30168937,-4.460671751,-4.463889609,-4.388723661
TWTR,"Twitter, Inc.",2017,7,27,-3.923282756,-4.145048258,-4.21897639,-4.232081611,"Twitter, Inc._20170727",-4.955559385,-4.332690634,-4.221120981,-4.087536862
DRI,Darden Restaurants,2017,9,26,-4.621437231,-4.807100362,-4.70575411,-4.802733898,Darden Restaurants_20170926,-5.319264967,-4.904296087,-4.141513041,-4.254535682
CDNS,Cadence Design Systems,2017,7,24,-3.882209285,-3.96915458,-4.242865052,-4.354290944,Cadence Design Systems_20170724,-4.679548835,-4.886479254,-4.812401077,-4.662205573
WM,Waste Management Inc.,2017,2,16,-5.0100669,-5.140894203,-5.193681448,-5.127539607,Waste Management Inc._20170216,-5.905188517,-6.074281297,-5.643545295,-5.517319619
LMT,Lockheed Martin Corp.,2017,10,24,-5.038498315,-4.843611696,-4.882952693,-4.823344081,Lockheed Martin Corp._20171024,-5.715932608,-5.163699102,-5.354089147,-5.307496201
MSI,Motorola Solutions Inc.,2017,5,4,-4.262775,-4.438293655,-4.370239311,-4.448969462,Motorola Solutions Inc._20170504,-5.711331108,-5.505289767,-5.058890668,-4.979244817
GD,General Dynamics,2017,4,26,-5.813914598,-5.457436312,-5.10279349,-4.944986211,General Dynamics_20170426,-5.322413386,-4.953081594,-4.981004104,-4.779480708
RHI.F,Red Hat Inc.,2017,12,19,-3.450417956,-3.766556474,-3.926252633,-4.070085571,Red Hat Inc._20171219,-4.855447522,-4.73608211,-3.947087824,-4.135834646
SLB,Schlumberger Ltd.,2017,4,21,-5.361092833,-5.111570169,-4.826982102,-4.642555484,Schlumberger Ltd._20170421,-4.81261044,-4.595246669,-4.796655873,-4.736076716
HD,Home Depot,2017,2,21,-5.292041162,-5.058316265,-5.266499011,-5.257034411,Home Depot_20170221,-5.076781827,-5.264661195,-5.050398134,-5.033018062
LLY,Lilly (Eli) & Co.,2017,1,31,-5.377176436,-5.301331674,-5.047886096,-4.839240963,Lilly (Eli) & Co._20170131,-4.787705682,-4.763667241,-4.542880024,-4.289247942
K,Kellogg Co.,2017,10,31,-4.869301226,-4.02975143,-4.022940883,-4.24967233,Kellogg Co._20171031,-4.574864086,-4.85798615,-4.753467245,-4.515928942
WU,Western Union Co,2017,11,2,-4.567364361,-3.857475961,-4.191644878,-4.43728334,Western Union Co_20171102,-4.156129498,-4.458202322,-4.592703526,-4.72206497
HPQ,HP Inc.,2017,11,21,-3.789277297,-3.931787032,-4.224787182,-4.402430088,HP Inc._20171121,-5.576962731,-4.905687269,-5.067423995,-4.319580409
D,Dominion Energy,2017,5,4,-4.548280149,-4.941581597,-4.930335211,-5.043429262,Dominion Energy_20170504,-5.247471622,-5.493327153,-5.301144562,-5.383016769
HLT,Hilton Worldwide Holdings Inc,2017,2,15,-5.62970417,-4.884499704,-4.853047844,-4.633667326,Hilton Worldwide Holdings Inc_20170215,-5.531024782,-5.416720553,-5.120839211,-4.649849206
EQIX,Equinix,2017,11,1,-3.852824828,-3.956524508,-4.261767145,-4.127550795,Equinix_20171101,-6.656065401,-4.511833687,-4.543688633,-4.665136426
ADBE,Adobe Systems Inc,2017,3,16,-3.833253871,-4.251259646,-4.573729423,-4.820141199,Adobe Systems Inc_20170316,-5.502100659,-5.371066547,-5.11636166,-5.120199974
PPG,PPG Industries,2017,1,19,-6.577089264,-4.82926261,-4.701979286,-4.902801595,PPG Industries_20170119,-5.151307176,-5.347865067,-4.680014327,-4.668635337
REGN,Regeneron,2017,8,3,-6.241422461,-4.246454749,-4.391704128,-3.963386762,Regeneron_20170803,-3.803686182,-4.039035164,-4.008072887,-3.909083671
VZ,Verizon Communications,2017,1,24,-4.640289268,-4.940718867,-4.870655755,-4.826996809,Verizon Communications_20170124,-5.247169413,-5.208928825,-4.748391466,-4.805068766
TAP,Molson Coors Brewing Company,2017,8,2,-5.932917597,-5.132372641,-5.075087191,-4.870842706,Molson Coors Brewing Company_20170802,-5.789228083,-5.490027513,-5.117768792,-5.114533261
BAX,Baxter International Inc.,2017,7,26,-4.832285491,-4.675082434,-4.830503395,-4.913246559,Baxter International Inc._20170726,-5.383046632,-5.106898955,-4.970166003,-4.794277885
sna,Snap-On Inc.,2017,2,2,-4.404792159,-4.627499274,-4.742889454,-4.747905706,Snap-On Inc._20170202,-5.345512625,-4.823493993,-4.822311453,-4.877501935
KR,Kroger Co.,2017,3,2,-4.573957414,-4.393574125,-4.403071194,-4.48825359,Kroger Co._20170302,-4.106384091,-4.132617343,-4.248263829,-4.350845285
VAR,Varian Medical Systems,2017,1,25,-3.268420321,-3.57685883,-3.897404666,-4.156808838,Varian Medical Systems_20170125,-6.402930926,-5.417825751,-5.065753964,-5.028359792
msci,MSCI Inc,2017,5,4,-4.250310029,-4.560481654,-4.657556691,-4.68948068,MSCI Inc_20170504,-4.899942315,-5.171026229,-4.901555464,-5.011893533
ITW,Illinois Tool Works,2017,10,23,-4.564246124,-4.603796819,-4.827434735,-4.551585215,Illinois Tool Works_20171023,-5.324734664,-5.200246225,-5.17934074,-5.229686046
MOS,The Mosaic Company,2017,5,2,-3.713717317,-3.916743821,-3.831895688,-3.923062413,The Mosaic Company_20170502,-4.736607834,-4.356646737,-4.416942393,-4.487486616
LLY,Lilly (Eli) & Co.,2017,4,25,-5.313188113,-4.714232184,-4.624755651,-4.726758159,Lilly (Eli) & Co._20170425,-4.816730599,-4.017046382,-4.27691566,-4.506271077
MAS,Masco Corp.,2017,7,27,-4.781880526,-4.938206191,-4.452549522,-4.595090352,Masco Corp._20170727,-4.995988463,-4.668293653,-4.643463154,-4.66124721
PEP,PepsiCo Inc.,2017,2,15,-5.180325964,-5.121252207,-5.1604741,-5.245542257,PepsiCo Inc._20170215,-6.690549811,-5.478165071,-5.194634019,-5.121482051
RCL,Royal Caribbean Cruises Ltd,2017,11,7,-4.882102892,-4.824551306,-4.762535488,-4.518250009,Royal Caribbean Cruises Ltd_20171107,-4.810233445,-4.141942206,-4.186343054,-4.257933066
IT,Gartner Inc,2017,8,8,-4.629522073,-4.268953204,-4.606739036,-4.522772828,Gartner Inc_20170808,-5.255229146,-5.275588858,-4.9633994,-4.979431223
